Depth (m),GR,RHOB,RES,A16L,A40L,P16H,P28H,P40H,Vp
34.006,80.22713,1.510234,0.855367,0.85045,0.873316,0.770897,0.80032,0.808119,1475.739
34.1584,76.83369,1.505037,0.848259,0.844643,0.859071,0.757769,0.786548,0.795199,1477.481
34.3108,78.42056,1.490827,0.847104,0.843262,0.871367,0.755977,0.789602,0.800887,1479.485
34.4632,72.45809,1.46275,0.84142,0.837236,0.855231,0.748949,0.781149,0.789849,1481.05
34.6156,71.1969,1.448201,0.827635,0.83292,0.858021,0.738391,0.774135,0.789335,1481.217
34.768,69.46257,1.442859,0.815389,0.833491,0.856253,0.739849,0.768604,0.776228,1480.525
34.9204,76.99833,1.433668,0.806869,0.832507,0.844107,0.745463,0.770858,0.776905,1480.376
35.0728,73.46629,1.438401,0.805161,0.832316,0.852119,0.771935,0.795506,0.80304,1480.254
35.2252,78.04909,1.443499,0.807777,0.83072,0.855799,0.769626,0.794628,0.808561,1480.52
35.3776,76.61496,1.461481,0.810049,0.828283,0.847972,0.774954,0.793871,0.803359,1482.812
35.53,76.19241,1.463095,0.817956,0.823791,0.856785,0.767288,0.783658,0.790488,1485.86
35.6824,73.90896,1.476124,0.815164,0.827673,0.851342,0.774441,0.791258,0.801005,1486.95
35.8348,76.56216,1.497459,0.806584,0.82585,0.845971,0.762742,0.780798,0.787968,1486.505
35.9872,77.17165,1.534253,0.797797,0.831152,0.852724,0.77218,0.788411,0.796838,1486.283
36.1396,73.64499,1.557907,0.803519,0.853385,0.860198,0.777493,0.800722,0.808662,1484.907
36.292,74.79981,1.56078,0.81154,0.856177,0.854919,0.780409,0.804753,0.816608,1481.322
36.4444,81.09819,1.539198,0.835944,0.859601,0.875242,0.781579,0.809914,0.822443,1477.743
36.5968,75.35287,1.522066,0.835689,0.869854,0.896019,0.790875,0.818744,0.82762,1475.115
36.7492,77.12858,1.505341,0.834198,0.866202,0.866133,0.79378,0.81819,0.828175,1474.937
36.9016,79.29019,1.490792,0.875825,0.88127,0.888516,0.803475,0.829584,0.851351,1482.814
37.054,77.37744,1.502528,0.859111,0.883293,0.900194,0.796844,0.828431,0.847847,1501.185
37.2064,66.99245,1.512763,0.866153,0.891849,0.911127,0.821833,0.853886,0.865223,1520.358
37.3588,78.01548,1.530857,0.859081,0.89348,0.907756,0.814959,0.849182,0.86129,1527.481
37.5112,79.06848,1.521994,0.843912,0.895501,0.913505,0.802241,0.833402,0.845814,1517.055
37.6636,80.52525,1.518293,0.844668,0.890478,0.907656,0.806562,0.835317,0.84583,1498.296
37.816,76.14573,1.521972,0.852297,0.893038,0.915141,0.805797,0.830577,0.837025,1488.162
37.9684,78.4877,1.532314,0.851459,0.886433,0.913787,0.807737,0.830347,0.840983,1486.833
38.1208,79.73316,1.545065,0.873424,0.889276,0.907439,0.800049,0.826149,0.83652,1484.848
38.2732,78.53151,1.551794,0.872983,0.893925,0.917447,0.805049,0.82879,0.842011,1479.9
38.4256,82.74097,1.551998,0.841182,0.893338,0.918772,0.797825,0.822933,0.830128,1475.343
38.578,80.57681,1.547512,0.817903,0.895319,0.912925,0.795937,0.811974,0.815277,1473.656
38.7304,78.71333,1.53965,0.839735,0.892664,0.907504,0.803283,0.820128,0.824533,1473.195
38.8828,81.16751,1.52988,0.887193,0.887377,0.909811,0.825591,0.842184,0.851635,1472.682
39.0352,80.70214,1.536575,0.877523,0.878903,0.901168,0.836867,0.870746,0.886163,1472.73
39.1876,77.94326,1.541877,0.81802,0.867356,0.899,0.828953,0.858936,0.87157,1475.938
39.34,75.79205,1.547634,0.807499,0.873431,0.900823,0.800209,0.829168,0.838009,1481.254
39.4924,76.85542,1.52319,0.80686,0.864352,0.892174,0.77418,0.792579,0.796657,1483.259
39.6448,69.52589,1.514818,0.816443,0.858564,0.90085,0.77612,0.793822,0.797339,1487.02
39.7972,73.87043,1.507857,0.817621,0.859726,0.881943,0.778297,0.795458,0.805147,1501.592
39.9496,78.45689,1.516217,0.845741,0.86943,0.889876,0.784508,0.804762,0.816252,1520.418
40.102,78.16697,1.521876,0.878017,0.864174,0.881371,0.810863,0.830404,0.835033,1528.953
40.2544,81.31836,1.538065,0.868407,0.869713,0.893993,0.82234,0.846707,0.858849,1523.358
40.4068,74.33481,1.550853,0.85458,0.875554,0.898078,0.815866,0.84187,0.853661,1509.177
40.5592,75.35445,1.560643,0.84836,0.886462,0.897982,0.824241,0.849106,0.861306,1496.752
40.7116,73.64344,1.556993,0.874386,0.906414,0.901719,0.846796,0.867614,0.874218,1493.14
40.864,78.91988,1.572249,0.931307,0.896566,0.909655,0.84629,0.868092,0.868708,1493.882
41.0164,81.83917,1.589635,0.913427,0.899482,0.919416,0.845512,0.863041,0.859841,1494.853
41.1688,81.89394,1.604098,0.910809,0.934217,0.939628,0.873908,0.902871,0.916149,1496.333
41.3212,83.2387,1.599539,0.935695,0.933873,0.939833,0.876651,0.905946,0.91556,1498.25
41.4736,83.85732,1.594611,0.945382,0.941779,0.948396,0.875139,0.907592,0.910643,1500.216
41.626,84.71201,1.591806,0.945313,0.936076,0.943282,0.874063,0.904388,0.90826,1501.192
41.7784,84.53306,1.592091,0.968228,0.941645,0.955039,0.871626,0.892653,0.896925,1500.596
41.9308,84.74353,1.588978,0.947861,0.94687,0.947241,0.870071,0.900404,0.904828,1499.19
42.0832,85.68854,1.583974,0.952783,0.927423,0.947887,0.881034,0.908448,0.916348,1497.928
42.2356,93.26378,1.585045,0.959105,0.92469,0.934225,0.872278,0.895473,0.895547,1496.812
42.388,89.65976,1.588881,0.957722,0.906069,0.93631,0.851511,0.872091,0.874434,1495.822
42.5404,84.06356,1.586324,0.904933,0.915058,0.94149,0.860126,0.887511,0.900005,1494.976
42.6928,82.84994,1.575927,0.900436,0.890543,0.90669,0.828155,0.848293,0.857058,1494.066
42.8452,83.01058,1.576882,0.883438,0.898391,0.916237,0.835157,0.849711,0.855253,1493.286
42.9976,81.45094,1.579911,0.880616,0.890191,0.909452,0.821895,0.846795,0.858939,1493.57
43.15,84.85274,1.580701,0.88231,0.893413,0.911559,0.816078,0.842906,0.851858,1495.265
43.3024,85.30919,1.576577,0.873734,0.895194,0.920547,0.815935,0.835399,0.840605,1497.356
43.4548,80.40104,1.568041,0.887265,0.900204,0.91904,0.820587,0.842908,0.846317,1498.768
43.6072,77.80607,1.557634,0.873542,0.900213,0.930909,0.843329,0.86442,0.878145,1499.41
43.7596,82.48051,1.536786,0.88608,0.895152,0.928284,0.852407,0.882217,0.893389,1499.619
43.912,78.8415,1.530935,0.915596,0.894469,0.910231,0.852443,0.879903,0.885817,1499.343
44.0644,89.21991,1.529317,0.91591,0.891644,0.921289,0.839058,0.862031,0.871233,1498.56
44.2168,87.70447,1.54231,0.912841,0.88951,0.918791,0.828229,0.848327,0.859383,1497.662
44.3692,79.32642,1.546896,0.875876,0.901138,0.919462,0.860254,0.885992,0.883782,1496.956
44.5216,81.74275,1.559891,0.868464,0.901677,0.928462,0.828083,0.849726,0.860341,1496.284
44.674,78.51555,1.566941,0.870695,0.909367,0.944878,0.84746,0.868187,0.886538,1495.541
44.8264,76.40695,1.582266,0.901601,0.917956,0.94849,0.850891,0.87082,0.876,1495.199
44.9788,77.3705,1.598595,0.902989,0.940131,0.941351,0.868601,0.891553,0.907128,1495.846
45.1312,77.59789,1.613283,0.90288,0.933077,0.9475,0.885378,0.90939,0.917773,1497.409
45.2836,78.85916,1.62193,0.919353,0.940431,0.952893,0.91061,0.937916,0.947688,1499.428
45.436,77.09864,1.625611,0.96632,0.940517,0.953126,0.900012,0.923981,0.934661,1501.333
45.5884,66.96798,1.622309,0.958808,0.950246,0.969128,0.930544,0.950036,0.955637,1502.255
45.7408,75.3532,1.628635,0.94661,0.945882,0.957045,0.934531,0.946367,0.941206,1501.869
45.8932,84.42667,1.632008,0.954379,0.942019,0.95714,0.920178,0.941653,0.953024,1500.76
46.0456,83.11847,1.629978,0.951897,0.937147,0.951084,0.927918,0.943951,0.952121,1499.561
46.198,81.3092,1.62885,0.939398,0.929962,0.941256,0.910983,0.929623,0.928386,1498.639
46.3504,77.6403,1.628639,0.957647,0.893022,0.922824,0.88857,0.898336,0.897825,1497.339
46.5028,85.93044,1.623887,0.915895,0.88776,0.922144,0.856434,0.871326,0.87856,1494.741
46.6552,84.38216,1.604795,0.884272,0.86166,0.909161,0.818846,0.832297,0.843005,1491.874
46.8076,81.4819,1.58032,0.868662,0.845,0.894896,0.803913,0.81429,0.819208,1489.958
46.96,82.64085,1.572502,0.841943,0.838896,0.894887,0.803786,0.814084,0.818605,1488.756
47.1124,76.33481,1.568534,0.82697,0.841276,0.885073,0.789573,0.807508,0.808355,1487.956
47.2648,74.59868,1.574093,0.825326,0.847901,0.877142,0.791093,0.803489,0.807907,1487.938
47.4172,77.32874,1.563121,0.812037,0.850859,0.881348,0.79141,0.804764,0.814462,1489.55
47.5696,80.57401,1.56033,0.816859,0.85408,0.880856,0.8025,0.812196,0.81556,1491.843
47.722,80.80582,1.569808,0.840802,0.853164,0.886357,0.818212,0.83183,0.834201,1492.865
47.8744,75.33878,1.596183,0.862968,0.859268,0.886944,0.818228,0.830251,0.829672,1493.37
48.0268,80.43182,1.617255,0.840281,0.859538,0.884383,0.818877,0.828852,0.82935,1494.862
48.1792,80.78433,1.637213,0.847557,0.858066,0.900078,0.827872,0.835074,0.838946,1496.936
48.3316,77.21512,1.644093,0.877347,0.861411,0.906153,0.844951,0.850883,0.85,1498.108
48.484,82.94341,1.648913,0.887222,0.870011,0.9142,0.84338,0.856061,0.860375,1497.727
48.6364,81.05164,1.639929,0.874652,0.881357,0.907158,0.855547,0.866146,0.871026,1496.925
48.7888,76.12749,1.6476,0.892173,0.883194,0.919888,0.845648,0.8569,0.857793,1496.678
48.9412,80.45939,1.652846,0.869104,0.899041,0.920863,0.854113,0.865355,0.868923,1496.714
49.0936,78.36263,1.649,0.884864,0.897203,0.923805,0.865272,0.877545,0.884744,1496.638
49.246,79.40076,1.63846,0.890257,0.900463,0.922908,0.862591,0.874535,0.881438,1496.422
49.3984,77.13318,1.638638,0.917544,0.913608,0.939116,0.860131,0.874619,0.879009,1495.954
49.5508,75.77394,1.630352,0.922208,0.912707,0.945826,0.860012,0.876053,0.880501,1495.319
49.7032,81.07218,1.627557,0.936509,0.918015,0.944611,0.863483,0.879078,0.882457,1495.522
49.8556,75.68434,1.618735,0.931787,0.921712,0.95196,0.868167,0.884406,0.889147,1497.109
50.008,79.87127,1.63315,0.93489,0.927495,0.953452,0.883585,0.896932,0.896902,1498.726
50.1604,76.12713,1.640629,0.931761,0.92733,0.944658,0.887997,0.901636,0.905743,1498.057
50.3128,74.95224,1.656833,0.910332,0.925595,0.9679,0.88696,0.903536,0.90288,1495.307
50.4652,77.18845,1.668352,0.926844,0.922315,0.968511,0.887466,0.900797,0.907468,1494.138
50.6176,74.18771,1.674248,0.910171,0.924886,0.965228,0.88444,0.901428,0.904996,1495.526
50.77,76.22588,1.666716,0.906053,0.927823,0.962851,0.876815,0.895239,0.897489,1497.942
50.9224,77.74926,1.653045,0.9072,0.92188,0.974461,0.880551,0.899749,0.904906,1499.981
51.0748,78.0312,1.640139,0.902907,0.928361,0.973046,0.871533,0.889856,0.893913,1500.101
51.2272,81.23969,1.636502,0.928107,0.929771,0.965442,0.862144,0.878522,0.884153,1499.129
51.3796,82.82629,1.634959,0.917154,0.932309,0.985664,0.874678,0.893158,0.904141,1498.42
51.532,83.88448,1.636758,0.918637,0.933688,0.988903,0.871185,0.89019,0.898011,1498.968
51.6844,80.9103,1.634124,0.962543,0.950417,0.986913,0.865788,0.892455,0.903949,1501.034
51.8368,78.01113,1.635016,0.92829,0.961269,0.986646,0.870099,0.89978,0.902749,1502.96
51.9892,82.12051,1.637858,0.942433,0.977017,0.99785,0.887777,0.911108,0.915577,1503.362
52.1416,83.90313,1.632939,0.936535,0.985942,1.016193,0.907638,0.920122,0.934579,1501.615
52.294,78.57254,1.630835,0.951308,0.978716,1.0024,0.887632,0.916824,0.927617,1499.209
52.4464,79.66621,1.626935,0.949979,0.968956,0.995228,0.911262,0.970168,0.981332,1498.396
52.5988,83.15125,1.634307,0.929229,0.964345,0.995907,0.876921,0.943162,0.953293,1499.268
52.7512,86.52184,1.632235,0.936553,0.968635,1.016929,0.890801,0.950617,0.957638,1502.031
52.9036,82.70888,1.658929,0.941217,0.968112,1.037517,0.80771,0.84831,0.859086,1506.588
53.056,78.65906,1.67623,0.960543,0.986421,1.018062,0.952821,0.97035,0.96688,1510.843
53.2084,80.33636,1.691486,1.050599,0.996854,1.037866,1.00251,1.029438,1.046136,1512.77
53.3608,80.2866,1.680009,1.07291,1.006767,1.051328,1.005514,1.032226,1.055006,1512.304
53.5132,86.07226,1.684831,1.072614,1.017151,1.056443,1.02129,1.042221,1.04767,1510.121
53.6656,88.73304,1.705519,1.088945,1.01822,1.068468,1.017459,1.039639,1.053411,1505.468
53.818,85.08145,1.734871,1.119451,1.033341,1.087504,1.02836,1.055594,1.057467,1501.087
53.9704,81.57719,1.752183,1.02805,1.055877,1.082,1.054302,1.076632,1.06721,1501.02
54.1228,76.96877,1.737365,1.067336,1.062665,1.083202,1.079385,1.087925,1.114024,1503.533
54.2752,77.97353,1.701001,1.128678,1.041001,1.092615,1.113405,1.162467,1.186128,1505.583
54.4276,77.32222,1.672554,1.09835,1.038626,1.101869,1.072863,1.133676,1.155673,1506.077
54.58,77.56242,1.673213,1.034109,1.043002,1.070006,1.037192,1.08183,1.096671,1504.819
54.7324,83.86865,1.690712,0.968345,1.044973,1.099663,0.968477,1.005548,1.036391,1502.172
54.8848,81.02956,1.69897,1.015373,1.041667,1.097308,0.972065,0.999091,1.021132,1499.619
55.0372,76.56553,1.707796,1.053183,1.038239,1.104717,0.994767,1.00582,1.023893,1498.73
55.1896,77.69341,1.712356,1.067893,1.05539,1.107836,0.971286,1.008734,1.036142,1499.677
55.342,78.55358,1.7209,0.996202,1.094075,1.143525,0.965849,1.045313,1.143592,1500.638
55.4944,86.10499,1.718078,0.972659,1.069758,1.155282,0.969698,1.052151,1.153219,1500.071
55.6468,79.28412,1.709346,1.000681,1.08633,1.149034,0.967221,1.032404,1.090221,1499.744
55.7992,78.96069,1.693061,0.993901,1.09225,1.157838,0.968517,1.040613,1.114091,1500.795
55.9516,81.11141,1.673655,1.059293,1.127968,1.191854,0.987824,1.053975,1.098896,1503.468
56.104,75.18105,1.639066,1.167615,1.149886,1.216874,1.068769,1.114648,1.136099,1507.228
56.2564,76.17609,1.604469,1.210065,1.149011,1.213862,1.152178,1.186538,1.202154,1509.284
56.4088,80.69276,1.584024,1.184134,1.191301,1.254925,1.255785,1.307435,1.349324,1508.247
56.5612,81.28706,1.600604,1.143749,1.193387,1.289903,1.223907,1.249413,1.260354,1505.01
56.7136,84.14055,1.611211,1.137131,1.203699,1.277876,1.223867,1.234049,1.258602,1503.963
56.866,83.82722,1.624788,1.224278,1.175461,1.259972,1.244774,1.297982,1.3498,1509.377
57.0184,84.652,1.659231,1.260008,1.211808,1.28362,1.216635,1.237389,1.249284,1517.301
57.1708,83.28114,1.714489,1.245584,1.229074,1.331843,1.235676,1.215817,1.218101,1520.791
57.3232,80.73483,1.735341,1.210154,1.224496,1.361367,1.236577,1.224886,1.22138,1518.516
57.4756,75.77229,1.724826,1.188115,1.243359,1.358394,1.253906,1.230754,1.24789,1513.153
57.628,74.52911,1.701133,1.166669,1.233806,1.330643,1.234636,1.220122,1.243968,1508.238
57.7804,75.03181,1.691331,1.217642,1.232374,1.328286,1.203872,1.214006,1.240007,1505.669
57.9328,77.86156,1.669154,1.191624,1.25796,1.351361,1.120794,1.162687,1.208719,1504.576
58.0852,73.03146,1.646516,1.183999,1.244317,1.344552,1.142769,1.173152,1.208395,1503.818
58.2376,80.28574,1.624874,1.150583,1.296601,1.373191,1.060992,1.113906,1.161178,1503.606
58.39,82.34361,1.62807,1.106639,1.318185,1.346435,1.074127,1.149826,1.236214,1504.652
58.5424,81.43774,1.640122,1.127316,1.30476,1.34744,1.102577,1.181569,1.268641,1506.649
58.6948,80.39697,1.658514,1.108961,1.302203,1.352385,1.089322,1.16671,1.243534,1508.223
58.8472,81.24335,1.676826,1.111616,1.298405,1.379483,1.101885,1.171677,1.260851,1508.214
58.9996,80.51143,1.675384,1.135258,1.302888,1.354646,1.101433,1.168878,1.237961,1506.841
59.152,77.67284,1.668895,1.115273,1.281123,1.345213,1.138907,1.210189,1.245947,1505.764
59.3044,80.51086,1.647586,1.12548,1.270282,1.34636,1.145621,1.228946,1.29001,1506.128
59.4568,81.94283,1.64557,1.099843,1.288158,1.366693,1.15894,1.210949,1.247481,1507.454
59.6092,78.15071,1.648636,1.100809,1.310563,1.32663,1.226668,1.268092,1.293181,1508.468
59.7616,77.09663,1.642106,1.095774,1.281524,1.3015,1.316187,1.396883,1.443442,1508.208
59.914,77.46943,1.640889,1.051564,1.271011,1.294717,1.322982,1.419381,1.473837,1507.162
60.0664,78.71302,1.63764,1.034897,1.28022,1.26328,1.402554,1.543092,1.629321,1506.54
60.2188,76.91344,1.639036,1.051816,1.290896,1.278263,1.441413,1.588337,1.722171,1506.624
60.3712,77.82896,1.64113,1.040568,1.274031,1.286194,1.416067,1.543306,1.66098,1506.801
60.5236,80.33755,1.650165,1.060483,1.275431,1.301048,1.393118,1.560374,1.681456,1506.512
60.676,79.66174,1.664183,1.06879,1.292471,1.307155,1.417216,1.511022,1.56796,1505.693
60.8284,80.94907,1.673092,1.072355,1.29769,1.275972,1.425012,1.600091,1.64615,1504.747
60.9808,84.533,1.671393,1.059393,1.255175,1.299374,1.423454,1.50475,1.562467,1503.927
61.1332,77.81238,1.659925,1.017334,1.248861,1.275674,1.368012,1.518073,1.596167,1503.047
61.2856,79.37181,1.655354,1.01715,1.205822,1.28555,1.202751,1.341272,1.439584,1501.848
61.438,81.92236,1.653269,1.01117,1.213457,1.300251,1.24375,1.327335,1.394353,1500.175
61.5904,82.48533,1.666256,1.006843,1.186963,1.272646,1.110698,1.185775,1.222096,1497.892
61.7428,86.34895,1.661038,1.028904,1.144653,1.255734,0.984142,1.016791,1.035314,1496.404
61.8952,81.06393,1.660424,0.975297,1.112368,1.210928,0.944191,0.95346,0.962726,1498.227
62.0476,84.93889,1.649571,0.961017,1.123192,1.232002,0.954017,0.971778,0.986504,1503.206
62.2,85.05266,1.643567,0.961048,1.144176,1.266764,1.008265,1.045578,1.069335,1508.051
62.3524,81.6275,1.633578,1.011707,1.092928,1.177073,1.065333,1.097156,1.11452,1510.163
62.5048,75.99325,1.632494,1.019434,1.106188,1.188885,1.024244,1.089185,1.1282,1508.769
62.6572,75.09516,1.636609,0.99967,1.122046,1.172554,1.058941,1.091291,1.116693,1505.463
62.8096,79.02778,1.64272,0.995352,1.143318,1.175656,1.198131,1.249452,1.266936,1503.27
62.962,76.75143,1.640561,0.966668,1.145805,1.158052,1.237395,1.275218,1.290854,1502.648
63.1144,78.61563,1.630421,1.016724,1.148566,1.160232,1.228375,1.233626,1.232325,1502.559
63.2668,81.07502,1.617332,1.09736,1.144471,1.165107,1.230015,1.248563,1.258114,1502.575
63.4192,74.0078,1.609555,1.282016,1.158683,1.209744,1.194329,1.296355,1.358462,1502.714
63.5716,80.30492,1.607066,1.055873,1.155784,1.218627,1.166558,1.270609,1.320679,1503.406
63.724,84.50642,1.61623,0.995544,1.153077,1.202512,1.146142,1.272917,1.354995,1504.758
63.8764,83.2048,1.617469,1.055876,1.15406,1.221051,1.134278,1.259424,1.343044,1506.177
64.0288,74.55206,1.633856,1.07129,1.156808,1.207598,1.098636,1.231931,1.329934,1506.962
64.1812,66.94718,1.62991,1.084239,1.186329,1.230718,1.055449,1.17412,1.247013,1507.027
64.3336,79.38747,1.630818,1.131094,1.201772,1.253016,1.07659,1.202466,1.286551,1506.959
64.486,84.41051,1.624569,1.144129,1.192853,1.247648,1.082204,1.210776,1.299785,1507.406
64.6384,84.64479,1.625842,1.191715,1.264276,1.2866,1.264685,1.456556,1.625727,1508.509
64.7908,85.36789,1.624431,1.244819,1.350315,1.33881,1.346748,1.564697,1.775388,1509.856
64.9432,85.11092,1.611778,1.242125,1.384582,1.378005,1.376777,1.590652,1.763929,1510.876
65.0956,88.23577,1.608741,1.400388,1.3828,1.378826,1.391093,1.60869,1.793414,1510.768
65.248,84.1767,1.609851,1.314991,1.401101,1.387951,1.509979,1.772112,1.898996,1509.795
65.4004,81.77008,1.624645,1.369868,1.408751,1.375578,1.510004,1.741585,1.870611,1509.115
65.5528,72.95503,1.640671,1.302424,1.423107,1.395338,1.505644,1.731151,1.872051,1508.053
65.7052,75.85379,1.6473,1.2856,1.408387,1.400056,1.515597,1.724289,1.848749,1506.051
65.8576,76.63051,1.645744,1.225279,1.403687,1.426595,1.427073,1.54038,1.667088,1504.242
66.01,78.76064,1.634097,1.159495,1.387183,1.447967,1.408261,1.516631,1.64177,1503.369
66.1624,76.95518,1.635132,1.133479,1.345726,1.413715,1.233515,1.363194,1.490596,1503.239
66.3148,79.11134,1.633104,1.116105,1.268183,1.339988,0.967277,1.015193,1.041493,1503.643
66.4672,83.80284,1.63311,1.096954,1.239187,1.332914,0.963167,1.008248,1.038916,1504.66
66.6196,81.52018,1.62218,1.097305,1.265181,1.360265,0.970493,1.023802,1.065233,1506.141
66.772,76.61552,1.612877,1.156328,1.207503,1.293398,1.01905,1.076217,1.13406,1507.499
66.9244,78.35545,1.608747,1.181208,1.20712,1.292502,1.001036,1.055014,1.105504,1508.207
67.0768,79.55839,1.619117,1.17769,1.205434,1.284375,1.030995,1.085072,1.123778,1508.28
67.2292,80.58635,1.639716,1.182499,1.191625,1.25624,1.042887,1.104169,1.152413,1508.195
67.3816,82.60601,1.663877,1.168671,1.211112,1.274072,1.033699,1.098235,1.151795,1508.02
67.534,81.30614,1.677453,1.153928,1.22151,1.282097,1.074705,1.136403,1.189321,1507.322
67.6864,79.12324,1.668392,1.154874,1.236731,1.224925,1.114088,1.215234,1.304563,1506.112
67.8388,80.36028,1.659232,1.221447,1.245348,1.233028,1.130646,1.261826,1.37692,1504.977
67.9912,87.20359,1.660783,1.21259,1.243928,1.243535,1.170905,1.31984,1.420443,1504.873
68.1436,86.43087,1.653692,1.203078,1.258713,1.225848,1.251392,1.402738,1.486788,1506.009
68.296,85.58051,1.639671,1.222766,1.241669,1.231936,1.195943,1.340999,1.416185,1508.131
68.4484,83.1631,1.631406,1.187491,1.260438,1.216914,1.240966,1.371642,1.41845,1509.959
68.6008,84.17862,1.661,1.167676,1.233294,1.193017,1.274856,1.403278,1.466594,1509.439
68.7532,81.28297,1.694471,1.195509,1.213443,1.214405,1.234669,1.364619,1.442613,1507.757
68.9056,87.79963,1.701107,1.191913,1.175722,1.197437,1.184326,1.260869,1.34983,1507.169
69.058,80.00751,1.690112,1.120677,1.160132,1.203087,1.131532,1.208322,1.301405,1507.979
69.2104,81.21883,1.690963,1.091887,1.137995,1.178167,1.055019,1.113403,1.172956,1509.004
69.3628,84.03107,1.70509,1.109869,1.126737,1.165983,0.950648,1.000765,1.033678,1508.126
69.5152,75.69653,1.718812,1.034532,1.13044,1.172671,0.952798,1.016695,1.061537,1504.948
69.6676,83.97395,1.727529,1.04355,1.128405,1.169866,0.939523,1.020361,1.092894,1501.599
69.82,81.16718,1.724542,1.021239,1.126041,1.153354,0.942156,1.014264,1.091051,1499.983
69.9724,81.79941,1.708539,0.98031,1.131229,1.170959,0.938822,1.012755,1.084597,1500.218
70.1248,86.79156,1.686953,1.002771,1.110948,1.211993,0.941702,1.0066,1.072972,1501.794
70.2772,80.01533,1.70352,1.050317,1.111036,1.192009,0.934457,0.98918,1.061983,1504.012
70.4296,90.14413,1.721275,1.050936,1.138076,1.208092,0.956529,1.017509,1.047605,1507.027
70.582,83.67989,1.710157,1.060061,1.224313,1.245306,0.955179,1.004004,1.034895,1510.433
70.7344,87.10867,1.685262,1.05102,1.249992,1.291482,1.030626,1.090246,1.137595,1513.35
70.8868,83.27172,1.679763,1.012131,1.310173,1.326652,1.275962,1.392267,1.496287,1515.391
71.0392,80.69569,1.705891,1.063395,1.32378,1.328846,1.305894,1.444764,1.582683,1514.862
71.1916,79.46465,1.719768,1.207188,1.401663,1.406902,1.407312,1.686298,1.911204,1512.545
71.344,81.91244,1.717726,1.507797,1.44433,1.476515,1.401133,1.673134,1.885101,1510.748
71.4964,84.88975,1.695562,1.263721,1.496158,1.586501,1.398415,1.654737,1.896635,1509.34
71.6488,81.93914,1.671712,1.618911,1.523418,1.569217,1.400731,1.67206,1.929828,1508.354
71.8012,79.50084,1.64706,1.663911,1.634831,1.706053,1.378732,1.68821,2.00182,1508.908
71.9536,79.48817,1.648611,1.712361,1.700595,1.827679,1.381612,1.643299,1.847947,1511.887
72.106,77.97431,1.67655,1.750308,1.800945,1.893245,1.471907,1.675869,1.839788,1517.945
72.2584,80.23167,1.715518,1.739368,1.869318,1.940496,1.497501,1.708089,1.88802,1526.043
72.4108,80.10385,1.728942,1.586458,1.815709,1.948849,1.590886,1.863428,2.087932,1532.242
72.5632,79.72599,1.72216,1.414188,2.050287,2.057368,2.613444,3.776873,4.852658,1533.786
72.7156,80.73888,1.711841,1.421729,2.129013,2.21529,2.785692,4.46484,5.835026,1531.093
72.868,81.76588,1.712117,1.718118,2.246922,2.250814,2.883698,4.687168,6.065708,1525.037
73.0204,82.09665,1.694269,1.990206,2.319888,2.299319,3.081115,5.071086,6.660132,1517.811
73.1728,81.45903,1.672938,2.726062,2.400495,2.396031,3.611564,6.365182,8.517334,1513.368
73.3252,90.1823,1.663143,2.801692,2.522087,2.569179,3.783518,6.970158,9.81241,1513.036
73.4776,72.12691,1.670181,2.805517,2.537229,2.574452,3.76583,7.016432,9.98558,1514.512
73.63,91.53011,1.683447,2.743233,2.514478,2.596559,3.75289,6.957745,9.793077,1516.213
73.7824,88.72706,1.693315,2.625753,2.511956,2.523744,3.998623,7.409389,10.26629,1516.755
73.9348,86.85227,1.694683,2.465028,2.509097,2.636383,3.969757,7.180483,9.514204,1514.766
74.0872,84.10377,1.683793,2.154457,2.602757,2.718676,3.851068,6.848657,9.222854,1512.426
74.2396,84.86463,1.67693,2.180827,2.634327,2.740798,3.870527,7.027122,9.645201,1511.558
74.392,86.89629,1.675049,2.436392,2.66132,2.699258,3.839697,6.258258,8.634111,1511.826
74.5444,92.32298,1.6783,2.508913,2.464705,2.668105,3.403208,5.06447,7.354528,1513.572
74.6968,88.47402,1.673125,2.148893,2.468572,2.744622,3.091084,4.426218,6.283319,1518.191
74.8492,91.77204,1.669864,1.850271,2.409243,2.674956,2.591628,3.745185,5.161592,1524.44
75.0016,94.86097,1.684861,1.8951,2.316249,2.631551,2.135039,2.93291,3.869416,1528.016
75.154,96.22949,1.714359,1.72762,2.296278,2.582502,2.082868,2.727043,3.448616,1528.619
75.3064,90.18532,1.730038,1.726549,2.235022,2.549128,1.970709,2.52514,3.170852,1528.006
75.4588,89.34059,1.733161,1.728792,2.166277,2.532291,1.931259,2.506385,3.195924,1526.221
75.6112,91.63637,1.709248,1.744458,2.203695,2.45056,1.941603,2.605406,3.294403,1524.648
75.7636,91.38102,1.714127,1.842526,2.231182,2.394907,1.955081,2.603781,3.291342,1525.022
75.916,84.42309,1.724245,1.439201,2.177535,2.427115,1.931068,2.640074,3.462222,1526.703
76.0684,87.16172,1.753858,1.541711,2.202772,2.337095,1.936561,2.657168,3.464108,1528.4
76.2208,84.78316,1.744967,1.666591,2.200027,2.291596,2.167611,3.002742,3.82419,1530.095
76.3732,89.03494,1.730622,1.826505,2.173105,2.256716,2.237638,3.265514,4.181751,1530.884
76.5256,97.96061,1.718963,1.853609,2.205455,2.252468,2.259965,3.283299,4.401751,1529.398
76.678,93.14381,1.73689,1.882463,2.151963,2.14349,2.274666,3.28363,4.340515,1526.157
76.8304,93.66611,1.740809,1.854857,2.166117,2.20715,2.319776,3.356998,4.409897,1522.438
76.9828,99.26776,1.722332,1.776947,2.051116,2.124354,2.447953,3.442626,4.430722,1519.658
77.1352,91.99921,1.709607,1.768264,2.051191,2.104951,2.448265,3.372595,4.278655,1518.981
77.2876,88.0583,1.72488,1.685955,2.009384,1.988146,2.350273,3.16217,3.954083,1520.396
77.44,88.48421,1.754761,1.838274,2.053482,1.998452,2.3992,3.175924,3.949718,1523.427
77.5924,89.1878,1.770313,1.918601,2.020963,2.022212,2.24796,2.947195,3.674024,1526.81
77.7448,87.17996,1.775714,2.009467,2.016243,2.019768,2.234173,2.917073,3.603325,1528.88
77.8972,94.32986,1.769955,1.832422,1.976564,1.960483,1.966339,2.495435,3.040422,1529.759
78.0496,94.13139,1.758882,1.667322,1.969257,1.931344,1.845793,2.29186,2.700991,1530.351
78.202,89.40843,1.747287,1.631443,1.938535,1.956702,1.802154,2.188923,2.525191,1530.751
78.3544,89.24523,1.760178,1.61861,1.919584,1.937676,1.754224,2.093737,2.379692,1530.745
78.5068,95.15751,1.787449,1.582671,1.892706,1.91027,1.622876,1.872224,2.176286,1530.248
78.6592,95.03945,1.804122,1.611123,1.881968,1.890467,1.624372,1.879907,2.194773,1529.34
78.8116,94.02091,1.804618,1.509607,1.796769,1.885745,1.446966,1.625537,1.886705,1528.051
78.964,91.71555,1.814661,1.36452,1.799343,1.845969,1.465226,1.640909,1.888643,1525.754
79.1164,95.21655,1.83287,1.250366,1.688071,1.813116,1.235697,1.371785,1.531929,1522.558
79.2688,93.16245,1.825602,1.23467,1.669242,1.793962,1.160952,1.289966,1.430534,1521.156
79.4212,93.43434,1.790931,1.23297,1.580977,1.787107,1.127148,1.21451,1.29327,1522.382
79.5736,90.33203,1.767612,1.216195,1.551993,1.737826,1.127411,1.212217,1.299238,1523.764
79.726,91.18967,1.777367,1.233088,1.50858,1.67467,1.114658,1.189189,1.284225,1524.088
79.8784,91.06816,1.791644,1.344777,1.490965,1.664291,1.119181,1.193889,1.295248,1523.528
80.0308,88.7356,1.782958,1.315185,1.472173,1.620898,1.112444,1.19533,1.287189,1522.453
80.1832,92.3245,1.778906,1.156634,1.473653,1.599435,1.104201,1.182594,1.268726,1521.644
80.3356,89.18565,1.78531,1.195732,1.456774,1.593935,1.065637,1.140019,1.225605,1520.968
80.488,86.21514,1.782066,1.268248,1.477298,1.561442,1.114644,1.185909,1.270517,1519.803
80.6404,90.23187,1.766403,1.302129,1.467208,1.543194,1.15014,1.214525,1.298415,1519.096
80.7928,92.78586,1.750986,1.388983,1.477025,1.581399,1.098274,1.177661,1.255794,1519.806
80.9452,90.70871,1.746619,1.410712,1.44309,1.516731,1.262139,1.370561,1.472102,1521.361
81.0976,91.02739,1.754804,1.422534,1.434732,1.516517,1.265887,1.384995,1.487257,1522.731
81.25,88.46047,1.750234,1.413833,1.434192,1.481777,1.293297,1.485701,1.624823,1523.182
81.4024,82.77102,1.74253,1.318272,1.46322,1.523833,1.30873,1.5137,1.650269,1523.364
81.5548,91.35688,1.753046,1.35737,1.473529,1.567849,1.313463,1.530724,1.692493,1524.513
81.7072,89.54308,1.783638,1.490628,1.579153,1.63459,1.532785,1.902457,2.244667,1525.495
81.8596,90.46361,1.808708,1.452849,1.575244,1.684649,1.590964,1.949543,2.317775,1525.189
82.012,89.18562,1.796905,1.459822,1.684194,1.752121,1.802546,2.264172,2.81235,1525.193
82.1644,93.64674,1.76357,1.588438,1.734949,1.762601,1.926549,2.453831,3.004806,1525.613
82.3168,89.6544,1.755327,1.625896,1.819171,1.856624,1.975706,2.559517,3.111593,1523.512
82.4692,84.04053,1.76636,1.751501,1.851374,1.934642,1.937663,2.54637,3.127367,1518.72
82.6216,87.52248,1.780125,1.693005,1.904661,1.951688,2.03054,2.706696,3.32166,1515.347
82.774,88.63973,1.768734,1.520258,1.943105,1.993976,2.030015,2.789285,3.499668,1514.618
82.9264,87.20601,1.737078,1.60233,1.897946,1.964926,2.052861,2.746464,3.380497,1517.333
83.0788,91.15643,1.735737,1.772414,1.997868,2.070688,2.248985,3.126467,3.962521,1524.616
83.2312,95.03007,1.737694,1.886556,2.130445,2.319736,2.418734,3.579658,4.656722,1531.272
83.3836,92.28055,1.759851,2.183737,2.138112,2.250803,2.352947,3.364484,4.247001,1534.234
83.536,89.8784,1.754272,2.067805,2.165267,2.347847,2.543655,3.735368,4.610967,1536.909
83.6884,88.85389,1.774027,1.877193,2.217223,2.367991,2.772452,4.19829,5.046476,1540.757
83.8408,88.21516,1.771248,2.168541,2.427813,2.450129,3.498276,5.439395,6.536036,1544.731
83.9932,88.07778,1.79114,2.625829,2.386034,2.571451,3.828497,5.943643,7.323025,1547.437
84.1456,89.75678,1.799569,3.023764,2.525894,2.662184,3.94576,6.538382,8.460669,1548.223
84.298,92.25597,1.809467,3.001463,2.510954,2.722831,4.582324,8.438046,11.45438,1548.57
84.4504,93.99334,1.807118,2.772957,2.513681,2.736912,4.648225,8.521247,11.29083,1549.638
84.6028,94.80745,1.79279,2.59949,2.486952,2.808855,4.594505,8.36699,11.08608,1550.754
84.7552,92.47063,1.786284,2.864814,2.620293,2.833392,4.439761,8.301785,11.59698,1551.714
84.9076,86.53276,1.778634,3.001646,2.636709,2.884821,4.365832,7.952847,11.14719,1553.154
85.06,91.22638,1.792075,2.69752,2.644083,2.825061,4.258402,7.758576,10.88274,1554.91
85.2124,91.34203,1.798073,2.497872,2.731492,2.967333,4.103921,7.127389,10.35088,1556.172
85.3648,92.36584,1.806945,2.842841,2.81191,3.151319,4.114574,7.05367,10.37257,1553.648
85.5172,102.9372,1.814189,2.674385,2.800552,3.034396,4.018706,6.669965,9.468133,1549.354
85.6696,100.358,1.841282,2.564878,2.870171,3.054681,3.977108,6.583841,9.388062,1551.588
85.822,98.01965,1.863311,3.035859,2.915146,3.141101,3.999826,6.600706,9.303656,1562.829
85.9744,96.27647,1.881002,3.392036,2.827613,3.140365,4.061491,6.848932,9.910394,1576.843
86.1268,97.94614,1.881,3.231303,2.960082,3.313055,3.999866,6.606097,9.32895,1583.458
86.2792,100.7075,1.877892,3.828264,3.030791,3.364502,4.284698,6.847551,10.01395,1584.882
86.4316,95.84946,1.890732,3.948848,3.106988,3.384999,4.279514,6.964647,10.22106,1590.479
86.584,89.59245,1.915632,3.666375,3.217631,3.362872,4.380754,7.155331,10.39062,1597.931
86.7364,95.02593,1.950339,3.00389,3.275639,3.47056,4.871637,8.74953,12.74546,1597.796
86.8888,98.82913,1.958163,3.236085,3.264625,3.358718,4.879726,8.758978,12.9332,1593.746
87.0412,96.36228,1.904681,3.064028,3.159983,3.485103,4.849023,8.820895,12.6648,1595.697
87.1936,90.48316,1.842948,3.019263,3.32188,3.445053,4.91881,9.226414,12.92766,1596.515
87.346,91.9775,1.799628,3.057323,3.230943,3.39941,4.94241,9.408699,13.69061,1591.576
87.4984,93.04562,1.798438,3.468801,3.192704,3.370596,4.903635,9.667712,14.26661,1586.957
87.6508,90.99588,1.814435,3.165283,2.93348,3.320246,5.371531,10.81332,15.77568,1584.776
87.8032,94.18669,1.815795,2.926375,2.985777,3.29634,5.589184,11.48672,15.97811,1585.259
87.9556,95.5739,1.817948,2.837433,2.980913,3.374517,5.570909,12.07864,17.25355,1585.999
88.108,97.8872,1.80469,2.801507,2.923478,3.33573,5.545307,11.81069,16.90944,1583.146
88.2604,89.78648,1.792986,3.018957,3.005963,3.295376,5.72877,12.12442,16.24604,1577.862
88.4128,90.9015,1.784274,3.242019,2.979919,3.333436,6.123238,12.11771,14.86813,1573.286
88.5652,92.69067,1.784218,3.323652,2.934576,3.349111,6.60806,13.47773,16.08266,1570.505
88.7176,91.11944,1.778446,3.376292,2.952437,3.416935,6.761035,14.6592,17.30691,1568.945
88.87,92.98331,1.781793,3.543754,2.946823,3.455159,7.018929,15.74432,18.58258,1565.765
89.0224,91.8247,1.764094,3.49892,2.87428,3.331979,7.248277,16.8898,20.75197,1561.611
89.1748,92.6066,1.764115,3.368688,2.923846,3.324285,7.693142,17.54586,22.17915,1561.527
89.3272,89.91323,1.763079,3.2844,2.890114,3.372124,7.324437,17.42237,24.03375,1564.311
89.4796,90.76061,1.780124,2.911259,2.872585,3.416152,6.966677,16.27393,23.07348,1564.324
89.632,91.97827,1.771424,2.68781,2.834172,3.378909,5.936296,13.64323,19.56348,1560.941
89.7844,92.96836,1.772947,2.417589,2.899295,3.272931,5.345509,11.6728,17.35216,1556.652
89.9368,87.46384,1.777393,2.45555,2.880131,3.241656,4.601912,10.03755,14.9828,1554.198
90.0892,89.23878,1.794448,2.485621,2.811059,3.216833,4.295226,9.062848,13.72819,1555.66
90.2416,88.81216,1.808517,2.689976,2.879759,3.21225,4.147746,8.17229,12.26762,1558.906
90.394,91.66862,1.810768,2.645544,2.883778,3.153866,4.212022,7.905609,11.84162,1558.159
90.5464,93.15954,1.823013,2.557757,2.886479,3.007646,4.279868,8.055479,12.01639,1552.457
90.6988,88.77258,1.817706,2.464411,2.775058,2.957177,4.115114,7.791673,11.60057,1548.769
90.8512,87.60488,1.829759,2.530945,2.776905,2.884367,3.84363,7.062093,9.814734,1549.642
91.0036,89.30448,1.825908,2.461696,2.70926,2.919707,3.725628,6.343276,8.69245,1551.455
91.156,94.76733,1.825766,2.366476,2.594255,2.816653,3.749065,5.345746,6.995769,1556.289
91.3084,91.81572,1.808434,2.405031,2.65359,2.772009,3.656414,5.136129,6.812235,1566.477
91.4608,96.5612,1.809254,2.245089,2.567446,2.675352,3.359489,4.785385,6.404924,1576.97
91.6132,98.57542,1.812744,2.129307,2.46147,2.632231,2.935565,3.934917,5.120012,1582.448
91.7656,94.9111,1.835478,2.071724,2.454193,2.641666,2.939168,3.920729,5.072684,1583.055
91.918,91.54505,1.853304,1.927218,2.358801,2.583464,2.590822,3.328948,4.318307,1580.483
92.0704,88.51522,1.867618,1.746197,2.341465,2.530001,2.401954,3.114939,3.978865,1574.587
92.2228,95.24579,1.855813,1.734862,2.250543,2.455805,2.063283,2.595091,3.225073,1568.377
92.3752,74.77995,1.838489,1.676405,2.1697,2.342984,1.928501,2.353441,2.812302,1562.46
92.5276,93.54156,1.833037,1.633516,2.095302,2.200361,1.799192,2.134333,2.51144,1556.582
92.68,101.2403,1.823937,1.609336,1.992497,2.178437,1.749656,2.057048,2.418676,1557.723
92.8324,95.398,1.823102,1.689903,2.005945,2.10723,1.762929,2.042178,2.337942,1566.863
92.9848,96.70532,1.809472,1.675882,1.932519,1.94283,1.714093,1.98658,2.262795,1573.175
93.1372,95.26878,1.80975,1.646784,1.872832,1.86379,1.719196,1.943354,2.127913,1570.224
93.2896,98.25044,1.813955,1.664349,1.826306,1.904137,1.668102,1.878811,2.072819,1565.56
93.442,97.67443,1.817242,1.595475,1.788234,1.810794,1.612656,1.804891,2.007834,1565.89
93.5944,98.67406,1.822691,1.470055,1.797056,1.835062,1.600901,1.789353,1.979754,1570.733
93.7468,96.74395,1.821187,1.416211,1.728459,1.764724,1.497701,1.642714,1.792395,1576.825
93.8992,95.70599,1.822566,1.4425,1.620557,1.65518,1.382966,1.486094,1.548724,1579.031
94.0516,99.12077,1.820643,1.442494,1.568681,1.630066,1.335961,1.412624,1.477945,1576.213
94.204,99.0111,1.842484,1.457093,1.552436,1.622809,1.310709,1.374435,1.433246,1574.223
94.3564,92.22913,1.871139,1.453104,1.526936,1.569128,1.293787,1.343463,1.389957,1575.218
94.5088,96.02425,1.892538,1.492125,1.428354,1.495704,1.281518,1.324535,1.34915,1571.889
94.6612,97.21787,1.891212,1.412247,1.375727,1.463404,1.245784,1.280635,1.294423,1565.558
94.8136,99.33409,1.885345,1.278374,1.359195,1.434588,1.187582,1.222424,1.229446,1564.314
94.966,97.43985,1.877085,1.291787,1.354705,1.416435,1.177709,1.201691,1.194063,1566.999
95.1184,96.68653,1.852607,1.271539,1.348847,1.418291,1.150642,1.181191,1.188568,1568.725
95.2708,93.92009,1.84302,1.307354,1.317646,1.381027,1.161361,1.186481,1.189709,1567.466
95.4232,91.33436,1.85765,1.366294,1.31755,1.388642,1.157497,1.175175,1.18276,1561.035
95.5756,93.66265,1.886969,1.222723,1.315526,1.345385,1.158417,1.17478,1.175738,1554.331
95.728,97.30048,1.899649,1.252417,1.305799,1.363919,1.153316,1.163658,1.161995,1554.059
95.8804,98.53383,1.897991,1.26474,1.295429,1.358085,1.172533,1.181043,1.17922,1560.026
96.0328,95.77945,1.893975,1.245871,1.294889,1.353293,1.171742,1.179147,1.170281,1571.454
96.1852,91.22565,1.88913,1.326504,1.310616,1.350115,1.192835,1.199424,1.200674,1580.875
96.3376,91.99128,1.87698,1.272485,1.316138,1.346996,1.208544,1.217055,1.228436,1582.256
96.49,89.73556,1.867646,1.301816,1.308245,1.327812,1.231422,1.241385,1.248586,1577.161
96.6424,87.39787,1.871192,1.271142,1.319228,1.337117,1.224418,1.240186,1.258535,1567.797
96.7948,87.27096,1.865476,1.248218,1.315795,1.341647,1.20907,1.243142,1.249436,1556.807
96.9472,89.648,1.851727,1.238485,1.330353,1.346609,1.202491,1.235136,1.244396,1549.323
97.0996,96.50356,1.833399,1.20258,1.328061,1.327034,1.181108,1.21289,1.226938,1548.186
97.252,90.65997,1.828987,1.169742,1.316195,1.351128,1.197349,1.223071,1.244365,1549.701
97.4044,90.52203,1.827401,1.260087,1.311116,1.320963,1.198364,1.227042,1.247665,1554.805
97.5568,88.93945,1.834572,1.277862,1.305447,1.337621,1.187435,1.222884,1.233201,1569.509
97.7092,89.00712,1.853625,1.319206,1.315119,1.34287,1.186338,1.211536,1.220733,1583.179
97.8616,81.58813,1.873112,1.250667,1.291504,1.32775,1.177061,1.199693,1.206674,1580.07
98.014,89.43594,1.877498,1.170321,1.276789,1.326274,1.178998,1.200066,1.201538,1571.016
98.1664,89.73205,1.869479,1.181298,1.275485,1.317099,1.179773,1.200579,1.210063,1569.772
98.3188,89.19514,1.862592,1.255925,1.267089,1.33127,1.184616,1.202333,1.217721,1574.492
98.4712,88.06561,1.851457,1.211193,1.269328,1.311141,1.186215,1.206466,1.215827,1579.756
98.6236,85.21337,1.847577,1.261076,1.269005,1.33172,1.206422,1.231787,1.238046,1583.866
98.776,97.37565,1.853307,1.289436,1.284022,1.327543,1.223982,1.246852,1.261146,1586.781
98.9284,95.10479,1.870287,1.27544,1.290953,1.298685,1.23322,1.264464,1.285707,1587.861
99.0808,96.86964,1.87472,1.369035,1.289875,1.296774,1.23624,1.272682,1.30138,1587.417
99.2332,89.84068,1.86528,1.419215,1.307234,1.317009,1.280321,1.313062,1.343981,1585.11
99.3856,89.1653,1.864318,1.270894,1.305611,1.320637,1.280838,1.317136,1.352818,1583.587
99.538,84.46608,1.853362,1.250542,1.293709,1.341766,1.250337,1.292619,1.325608,1584.434
99.6904,85.42288,1.833427,1.248446,1.29781,1.33671,1.230807,1.279173,1.302084,1581.524
99.8428,86.12997,1.809388,1.296454,1.306268,1.330476,1.238426,1.282976,1.306365,1570.36
99.9952,89.21516,1.808699,1.254843,1.316024,1.340703,1.253307,1.290892,1.3093,1557.413
100.1476,89.02735,1.824747,1.235376,1.309329,1.333972,1.250835,1.294312,1.316026,1551.1
100.3,89.04059,1.821844,1.297708,1.329449,1.335997,1.229208,1.278224,1.301645,1556.019
100.4524,87.32429,1.807241,1.300158,1.323028,1.31328,1.277452,1.314769,1.329506,1570.954
100.6048,88.94299,1.787449,1.304127,1.322529,1.347701,1.285306,1.314109,1.329189,1589.26
100.7572,85.91738,1.786163,1.337322,1.327887,1.306484,1.299575,1.325176,1.341679,1605.699
100.9096,90.2788,1.790519,1.361135,1.325273,1.354337,1.30934,1.333955,1.345921,1616.403
101.062,86.17804,1.804414,1.340729,1.318765,1.3333,1.303225,1.327193,1.341327,1620.144
101.2144,92.56293,1.83475,1.338637,1.327219,1.388654,1.257907,1.277198,1.292077,1618.281
101.3668,92.52827,1.854623,1.271814,1.327944,1.367073,1.239559,1.258434,1.270001,1613.023
101.5192,92.48592,1.868473,1.347423,1.324782,1.354414,1.24778,1.265593,1.271599,1606.752
101.6716,95.14617,1.861504,1.370977,1.325299,1.361628,1.253717,1.276733,1.28374,1600.914
101.824,97.67873,1.881689,1.375607,1.337295,1.392454,1.231099,1.260376,1.266899,1597.133
101.9764,93.38696,1.904606,1.325112,1.348466,1.385544,1.217352,1.240228,1.247361,1596.05
102.1288,92.71832,1.892433,1.3429,1.351131,1.386955,1.232894,1.252548,1.263526,1595.172
102.2812,91.96811,1.867234,1.422364,1.355261,1.383647,1.256933,1.277056,1.285959,1592.535
102.4336,78.16695,1.845894,1.44591,1.382568,1.404917,1.269774,1.309139,1.327905,1591.063
102.586,92.19277,1.872597,1.400378,1.395462,1.413056,1.279331,1.317536,1.330263,1590.694
102.7384,93.41824,1.894254,1.393626,1.400392,1.394463,1.281662,1.324422,1.34547,1587.981
102.8908,99.00929,1.915678,1.385938,1.407247,1.412618,1.290136,1.328142,1.338349,1585.778
103.0432,94.49046,1.913116,1.372268,1.405162,1.429286,1.315581,1.342007,1.355226,1587.663
103.1956,94.31373,1.889377,1.433511,1.410903,1.410661,1.351027,1.384321,1.401269,1592.521
103.348,96.25517,1.867975,1.482927,1.412514,1.387997,1.348435,1.382689,1.397917,1596.704
103.5004,98.7863,1.859265,1.476519,1.397071,1.407659,1.337167,1.376294,1.402977,1594.885
103.6528,97.81505,1.878512,1.446611,1.385035,1.394457,1.282082,1.318668,1.327162,1586.607
103.8052,97.75306,1.876308,1.339568,1.345241,1.372572,1.219294,1.256606,1.263804,1578.01
103.9576,93.93539,1.861372,1.257872,1.304214,1.356852,1.180454,1.206567,1.2171,1572.395
104.11,95.34847,1.843904,1.284314,1.292483,1.335558,1.152847,1.1774,1.181654,1570.781
104.2624,92.33675,1.830135,1.244888,1.29811,1.334644,1.170094,1.196646,1.198362,1574.043
104.4148,88.42419,1.831663,1.228508,1.282657,1.323147,1.130806,1.149971,1.145971,1578.814
104.5672,85.01073,1.835921,1.227929,1.266884,1.310097,1.117792,1.134889,1.138493,1582.031
104.7196,91.21066,1.836871,1.230934,1.214795,1.275258,1.136042,1.152664,1.163067,1583.888
104.872,89.76018,1.847851,1.231116,1.230185,1.263452,1.138127,1.16143,1.174327,1584.581
105.0244,89.76524,1.845705,1.233314,1.241287,1.279173,1.132743,1.154778,1.161331,1583.529
105.1768,87.96581,1.852488,1.203288,1.23782,1.273158,1.124945,1.15054,1.156424,1580.127
105.3292,99.88339,1.843222,1.218369,1.242038,1.24385,1.133669,1.154059,1.159833,1575.95
105.4816,93.25187,1.848489,1.197102,1.235898,1.276035,1.150958,1.15955,1.159228,1574.561
105.634,88.62644,1.874779,1.340869,1.239475,1.276235,1.134102,1.149382,1.151899,1576.248
105.7864,91.9321,1.89958,1.362721,1.271277,1.294731,1.184877,1.203086,1.201857,1578.822
105.9388,96.35711,1.906109,1.30622,1.286495,1.28809,1.207854,1.220685,1.223818,1581.168
106.0912,97.86398,1.900958,1.31278,1.275325,1.281349,1.203734,1.223945,1.228991,1577.219
106.2436,89.70007,1.894881,1.350525,1.27737,1.275342,1.199052,1.217002,1.217919,1566.737
106.396,96.784,1.888366,1.330552,1.275535,1.289333,1.192933,1.207277,1.208751,1560.616
106.5484,91.82494,1.880358,1.274814,1.257701,1.294995,1.185912,1.2019,1.203744,1560.078
106.7008,96.13793,1.87795,1.184726,1.25767,1.272184,1.183654,1.198826,1.207148,1561.445
106.8532,89.70361,1.871627,1.205407,1.271848,1.300375,1.183046,1.197324,1.20734,1565.115
107.0056,91.25936,1.858299,1.348639,1.252407,1.2844,1.17438,1.190717,1.194832,1571.222
107.158,89.17519,1.839245,1.256851,1.254737,1.260269,1.18255,1.196423,1.209178,1577.197
107.3104,88.06581,1.838047,1.220531,1.25197,1.2638,1.175715,1.197537,1.202929,1578.108
107.4628,85.05477,1.835065,1.231809,1.256593,1.25418,1.163403,1.188249,1.196255,1574.696
107.6152,91.90962,1.850607,1.244786,1.251088,1.260152,1.168404,1.189137,1.197002,1571.804
107.7676,88.90514,1.859489,1.267165,1.243194,1.272459,1.168958,1.18933,1.196833,1570.971
107.92,95.55092,1.876656,1.27709,1.241053,1.254437,1.164386,1.182748,1.185066,1572.542
108.0724,92.23898,1.892491,1.234034,1.243444,1.266001,1.155288,1.164831,1.163181,1576.573
108.2248,88.82357,1.901654,1.201039,1.197066,1.243536,1.131433,1.144459,1.15702,1580.103
108.3772,86.51627,1.900075,1.191309,1.192004,1.210328,1.104337,1.120038,1.131882,1580.028
108.5296,93.76195,1.880186,1.097223,1.178791,1.224518,1.085299,1.104345,1.112741,1577.034
108.682,88.71216,1.868492,1.198928,1.186518,1.220602,1.060552,1.078523,1.08729,1573.231
108.8344,92.0719,1.854435,1.255502,1.187872,1.229956,1.041999,1.057596,1.067979,1568.596
108.9868,93.85923,1.844074,1.356936,1.191398,1.224967,1.074613,1.083424,1.092045,1561.765
109.1392,92.9746,1.855612,1.326082,1.204403,1.220146,1.08989,1.098816,1.103478,1551.75
109.2916,88.15186,1.883716,1.354075,1.229835,1.230322,1.163803,1.180618,1.188215,1540.169
109.444,90.0956,1.922166,1.298827,1.236762,1.251575,1.156087,1.176564,1.186448,1530.111
109.5964,96.86271,1.927281,1.291938,1.249597,1.264614,1.159343,1.180001,1.189283,1525.46
109.7488,96.46863,1.924858,1.286753,1.268507,1.279644,1.203458,1.208368,1.208093,1530.044
109.9012,91.39541,1.916646,1.311629,1.271213,1.303697,1.205393,1.21996,1.225362,1552.569
110.0536,94.65295,1.910977,1.299456,1.271722,1.321545,1.21845,1.229997,1.235822,1591.675
110.206,100.5119,1.903946,1.279237,1.281288,1.294825,1.210407,1.226451,1.238196,1619.885
110.3584,94.5725,1.912706,1.215157,1.28878,1.303005,1.196196,1.206443,1.20492,1620.999
110.5108,95.43526,1.925808,1.217728,1.275557,1.274082,1.187525,1.188365,1.186335,1606.284
110.6632,90.39272,1.934811,1.346887,1.267534,1.285957,1.187797,1.190744,1.183619,1592.873
110.8156,94.15611,1.919928,1.330647,1.277597,1.321615,1.20342,1.20836,1.207321,1588.88
110.968,98.85732,1.896399,1.31499,1.27975,1.301507,1.21981,1.219722,1.217896,1590.469
111.1204,98.69216,1.887844,1.341182,1.272895,1.314457,1.197757,1.215647,1.225334,1593.667
111.2728,99.64942,1.884503,1.2843,1.273142,1.326492,1.185245,1.2042,1.214464,1596.075
111.4252,98.3027,1.894269,1.29405,1.259437,1.336721,1.189672,1.206182,1.218546,1595.672
111.5776,100.8999,1.886463,1.33126,1.291719,1.357085,1.170081,1.183036,1.185454,1593.911
111.73,101.2553,1.891378,1.406238,1.333936,1.35913,1.25667,1.261551,1.264245,1594.022
111.8824,100.094,1.89229,1.45583,1.341695,1.370052,1.287301,1.288919,1.286638,1596.235
112.0348,104.7742,1.909935,1.527417,1.384661,1.391147,1.367131,1.373085,1.370013,1598.03
112.1872,98.68206,1.928878,1.540621,1.411475,1.424847,1.412125,1.436274,1.45626,1598.038
112.3396,97.58384,1.953296,1.507295,1.404738,1.417326,1.361791,1.399886,1.418574,1597.862
112.492,92.2086,1.960605,1.520196,1.339445,1.383197,1.270074,1.270206,1.266464,1599.008
112.6444,95.18053,1.946255,1.690554,1.384618,1.387024,1.360588,1.379972,1.382917,1601.302
112.7968,92.47593,1.932236,1.581388,1.434388,1.458742,1.394811,1.421493,1.429574,1604.644
112.9492,93.21269,1.92961,1.632387,1.40195,1.426509,1.399159,1.42385,1.430591,1607.872
113.1016,92.03331,1.937905,1.499155,1.431221,1.464553,1.401125,1.423375,1.437566,1606.428
113.254,97.05599,1.946414,1.499631,1.45315,1.452329,1.448673,1.475138,1.482322,1598.677
113.4064,99.24065,1.949919,1.592437,1.436304,1.456496,1.399961,1.422977,1.42958,1590.609
113.5588,93.35933,1.969525,1.569578,1.492393,1.487419,1.424205,1.455479,1.452801,1584.121
113.7112,95.53333,1.972628,1.554874,1.485303,1.487041,1.419124,1.465733,1.473541,1575.328
113.8636,97.70095,1.96326,1.518223,1.469575,1.47314,1.465343,1.502515,1.503374,1565.052
114.016,95.56929,1.937883,1.574215,1.47647,1.491197,1.450196,1.498239,1.502847,1559.807
114.1684,95.54388,1.933854,1.622787,1.519007,1.501455,1.517175,1.551041,1.581219,1561.285
114.3208,99.57407,1.941466,1.571736,1.48784,1.489908,1.492387,1.535877,1.561592,1561.126
114.4732,98.10654,1.956748,1.566997,1.489616,1.521738,1.511489,1.545189,1.570307,1558.134
114.6256,99.31924,1.944547,1.529976,1.449453,1.490317,1.502277,1.547603,1.565958,1557.957
114.778,101.5236,1.931159,1.470555,1.46759,1.457031,1.457557,1.48853,1.481926,1557.267
114.9304,98.97122,1.908456,1.459502,1.423343,1.418777,1.349226,1.388092,1.42594,1551.692
115.0828,94.59684,1.906578,1.367529,1.164576,1.1765,1.113591,1.114176,1.103924,1543.292
115.2352,90.69856,1.901098,1.363242,1.127894,1.151592,1.026533,1.039534,1.035364,1536.333
115.3876,90.90953,1.897972,1.374431,1.08162,1.116569,0.994412,1.012432,1.014847,1531.375
115.54,92.45065,1.895986,1.324597,1.068787,1.111316,0.980559,1.001811,0.997324,1528.178
115.6924,91.0406,1.885146,1.299038,1.071847,1.121071,0.995758,1.005921,1.009084,1527.446
115.8448,92.1507,1.878733,1.225441,1.053481,1.139958,0.974585,0.972603,0.964642,1529.33
115.9972,86.24233,1.882242,1.211473,1.062319,1.134538,0.985453,0.988265,0.986544,1533.947
116.1496,87.03305,1.88759,1.094819,1.06897,1.144272,0.968171,0.976552,0.969261,1539.22
116.302,84.11887,1.896328,1.146482,1.063459,1.155832,0.970897,0.9687,0.959652,1544.259
116.4544,82.40802,1.891911,1.139933,1.092009,1.164114,0.977234,0.969262,0.961334,1546.907
116.6068,83.83178,1.88508,1.034732,1.090688,1.148044,0.992232,0.987439,0.98834,1544.016
116.7592,85.23569,1.868882,1.10266,1.08777,1.172762,1.00883,1.005016,0.994213,1537.456
116.9116,78.59248,1.858232,1.147518,1.095784,1.159415,0.993091,0.987996,0.984684,1530.23
117.064,80.63472,1.842272,1.086628,1.071085,1.160344,0.97216,0.990601,0.99091,1521.378
117.2164,81.84085,1.818289,1.106718,1.06818,1.143723,0.958842,0.976214,0.98703,1509.488
117.3688,80.48803,1.786372,1.081562,1.053359,1.143045,0.9281,0.934131,0.947771,1504.218
117.5212,80.50357,1.777173,1.165581,1.051555,1.143125,0.879433,0.889341,0.89435,1524.803
117.6736,80.73222,1.778748,1.183888,1.039626,1.104467,0.857402,0.872324,0.871988,1564.799
117.826,81.39932,1.784338,1.135709,0.98329,1.05955,0.84234,0.861294,0.832398,1590.326
117.9784,81.11377,1.775307,1.177808,0.987159,1.058153,0.862294,0.882047,0.887411,1588.367
118.1308,83.8849,1.76649,1.177017,0.986869,1.060876,0.858364,0.876207,0.875571,1568.046
118.2832,79.28603,1.77558,1.012915,0.982394,1.041075,0.919472,0.929139,0.936255,1542.219
118.4356,82.05872,1.802125,0.814792,0.985649,1.069699,0.89837,0.917129,0.925445,1524.559
118.588,77.32761,1.778761,0.57035,0.990815,1.074963,0.905167,0.931582,0.94577,1518.55
118.7404,79.88007,1.744629,0.678088,0.982414,1.045819,0.901359,0.923791,0.925174,1517.492
118.8928,79.25943,1.682904,1.001873,0.996289,1.023381,0.915509,0.930299,0.934702,1517.015
119.0452,80.01527,1.686791,0.88785,0.987106,1.012375,0.899022,0.917082,0.917023,1516.38
119.1976,79.02512,1.666539,1.016957,0.973112,1.041757,0.904058,0.92004,0.923001,1514.58
119.35,83.75995,1.66711,1.02837,0.979533,1.038154,0.883099,0.904492,0.915734,1513.605
119.5024,78.92957,1.67086,1.036111,0.97131,1.001327,0.890137,0.916594,0.920427,1514.44
119.6548,77.68472,1.692647,0.980859,0.975512,1.007877,0.894054,0.918034,0.923915,1515.009
119.8072,71.10989,1.697984,1.048055,0.968383,0.994309,0.873792,0.90047,0.91363,1514.296
119.9596,76.44382,1.658088,1.047177,0.959766,0.997938,0.87084,0.896499,0.908199,1512.586
120.112,74.78,1.618689,1.021285,0.960251,1.003102,0.874477,0.902743,0.915195,1511.133
120.2644,76.34393,1.60376,1.048247,0.955116,1.001083,0.893768,0.926696,0.935039,1509.895
120.4168,78.21195,1.611141,1.027872,0.966697,0.987958,0.881866,0.908216,0.922886,1508.168
120.5692,79.88406,1.644521,1.026659,0.964455,0.993464,0.910818,0.943536,0.94819,1506.795
120.7216,76.98562,1.660956,1.0485,0.978232,1.006304,0.875007,0.910103,0.923108,1505.993
120.874,80.21499,1.652175,1.062035,0.988634,0.997666,0.961611,0.98424,0.997786,1505.903
121.0264,76.65961,1.628857,1.022929,0.985784,0.995988,0.957456,0.983276,0.98913,1505.844
121.1788,78.49874,1.621582,1.003463,0.984687,1.003194,0.962818,0.986946,0.979996,1504.486
121.3312,78.04298,1.640185,0.999695,0.989972,1.007539,0.968186,0.987622,0.99833,1503.234
121.4836,83.36743,1.662056,0.987522,0.988108,1.001092,0.952052,0.98009,0.997112,1503.883
121.636,79.21606,1.685205,0.935998,0.991267,1.021956,0.958469,0.982192,0.99282,1505.307
121.7884,74.12366,1.705438,1.036647,0.990622,1.008964,0.939007,0.965199,0.979603,1505.375
121.9408,71.84705,1.726437,1.038977,0.992969,1.015146,0.938071,0.956248,0.964923,1504.6
122.0932,70.94569,1.730216,0.989973,0.995999,1.037753,0.930992,0.942417,0.951762,1505.728
122.2456,80.07456,1.735313,0.992353,0.990499,1.018444,0.934417,0.943583,0.948354,1509.921
122.398,80.16973,1.731502,0.969769,0.988426,1.019205,0.944391,0.966637,0.986536,1516.031
122.5504,79.53864,1.718601,0.989274,0.98895,0.992309,0.964948,0.988184,0.994427,1527.088
122.7028,82.529,1.704488,0.997008,0.989684,1.020915,0.957318,0.980558,0.994049,1526.541
122.8552,76.23573,1.712657,1.095834,0.987617,1.021593,0.935615,0.95806,0.96546,1510.185
123.0076,73.01334,1.742941,1.09327,0.990143,1.011367,0.934684,0.955092,0.963574,1502.862
123.16,74.55106,1.75349,0.998151,0.991191,1.014672,0.921991,0.941082,0.955852,1508.091
123.3124,75.74227,1.731265,1.014479,0.98546,1.007044,0.930076,0.949509,0.960964,1518.624
123.4648,75.11583,1.723372,1.043518,0.983957,1.003604,0.968446,0.990645,1.019532,1523.527
123.6172,70.92174,1.736507,1.037571,0.986868,1.0198,0.949035,0.967169,0.979745,1535.077
123.7696,72.51736,1.750221,1.025833,0.984833,1.024115,0.963836,0.977697,0.987733,1562.885
123.922,73.93697,1.718691,1.03269,0.985586,1.015378,0.902117,0.920903,0.939594,1579.358
124.0744,75.94198,1.714637,0.956488,0.99191,1.011333,0.919166,0.937946,0.9518,1573.2
124.2268,69.25047,1.647325,0.975392,0.9857,1.010021,0.922245,0.945499,0.964246,1556.267
124.3792,69.31271,1.671768,1.030966,0.979873,1.016588,0.917555,0.932434,0.944416,1537.855
124.5316,83.06178,1.66744,1.000098,0.990154,1.012881,0.904263,0.921036,0.938846,1523.412
124.684,76.86291,1.742185,0.979186,0.987523,1.024585,0.927082,0.944228,0.954892,1515.488
124.8364,75.34612,1.720677,0.984587,0.984247,1.038851,0.900357,0.924307,0.932387,1512.728
124.9888,74.96124,1.705234,0.995381,0.988776,1.023177,0.90116,0.92509,0.934377,1512.547
125.1412,78.82473,1.703853,1.028719,0.983771,1.013997,0.935723,0.959474,0.973062,1512.678
125.2936,72.26955,1.757616,1.008526,0.994735,1.015095,0.926974,0.947777,0.961776,1512.39
125.446,76.46727,1.766281,1.021218,0.985936,1.018117,0.925372,0.951687,0.968566,1512.495
125.5984,73.92456,1.712601,1.048288,0.985255,1.0138,0.931233,0.953276,0.966665,1513.403
125.7508,71.87443,1.660963,1.006982,0.985311,1.017614,0.926323,0.944392,0.95509,1514.47
125.9032,74.07003,1.665548,0.987047,0.992468,1.000279,0.927937,0.948101,0.951145,1514.298
126.0556,72.07922,1.707265,1.009827,0.985235,1.012507,0.942671,0.961797,0.972837,1510.379
126.208,73.26658,1.721733,1.033287,0.986725,1.014857,0.940495,0.957314,0.973469,1502.13
126.3604,75.04437,1.719162,0.999512,0.984889,1.009536,0.943996,0.967166,0.980648,1498.951
126.5128,67.45072,1.715861,1.002484,0.975348,1.016289,0.950364,0.971221,0.98209,1512.829
126.6652,64.56487,1.7107,0.983909,0.98227,1.00516,0.951481,0.965704,0.976465,1538.105
126.8176,65.75234,1.705242,0.981084,0.97622,1.002922,0.937425,0.953683,0.956127,1555.955
126.97,70.39674,1.701465,0.99027,0.9747,1.007818,0.925279,0.944219,0.948731,1556.62
127.1224,70.73513,1.693724,0.956285,0.971669,1.009266,0.916125,0.930111,0.939871,1544.907
127.2748,76.8866,1.696383,0.984766,0.964134,1.002576,0.902339,0.921642,0.937321,1529.855
127.4272,75.22275,1.692563,1.023334,0.963882,1.01155,0.928362,0.945846,0.955208,1517.382
127.5796,72.66989,1.697648,0.958152,0.970357,0.992507,0.889993,0.916663,0.927224,1509.595
127.732,74.24314,1.687956,0.984801,0.966954,1.008045,0.896902,0.923944,0.940153,1506.121
127.8844,73.8178,1.666606,0.965994,0.971268,1.003674,0.913918,0.93349,0.943909,1505.493
128.0368,82.25626,1.659089,0.97816,0.982359,0.98327,0.89459,0.958681,0.974683,1505.213
128.1892,82.93504,1.656384,0.98283,0.979839,0.980391,0.874817,0.947487,0.950842,1502.983
128.3416,82.99539,1.639109,1.00386,0.986408,0.989445,0.851291,0.918827,0.935976,1498.257
128.494,86.33448,1.569029,0.946747,0.986707,0.994406,0.841579,0.903431,0.920544,1492.502
128.6464,82.03694,1.474689,0.981335,0.980587,1.011933,0.814657,0.880601,0.918997,1487.824
128.7988,80.92765,1.42572,0.980175,0.969642,0.995001,0.852046,0.88775,0.909798,1484.679
128.9512,79.76048,1.445508,0.965352,0.957554,0.984211,0.893151,0.916162,0.925206,1482.13
129.1036,77.76826,1.498203,0.929337,0.956607,0.986646,0.877612,0.894607,0.904212,1479.415
129.256,75.17741,1.557079,0.96455,0.963457,0.987336,0.892265,0.914542,0.924203,1476.364
129.4084,71.34283,1.594129,0.980206,0.946564,0.9652,0.871526,0.893832,0.904131,1475.091
129.5608,60.51778,1.638455,0.974504,0.951332,0.953546,0.862145,0.874899,0.886179,1478.465
129.7132,68.90385,1.662102,0.991244,0.957177,0.967441,0.85649,0.870684,0.883177,1483.939
129.8656,74.27802,1.665436,0.982881,0.942249,0.950867,0.860494,0.877454,0.879153,1485.768
130.018,72.35899,1.637224,0.952445,0.940116,0.951743,0.88654,0.908932,0.917986,1482.293
130.1704,60.20298,1.62191,0.942523,0.934759,0.963776,0.885894,0.898274,0.903785,1478.482
130.3228,60.20298,1.611862,0.990638,0.923427,0.951373,0.876234,0.894112,0.904301,1479.595
130.4752,60.82003,1.626259,1.005878,0.924741,0.958704,0.885191,0.898599,0.899879,1484.482
130.6276,64.72858,1.629725,0.978081,0.90767,0.954256,0.87507,0.896417,0.919806,1490.929
130.78,66.31395,1.626626,0.90356,0.904079,0.946931,0.855202,0.881763,0.89788,1496.344
130.9324,76.29737,1.600924,0.908174,0.908521,0.971845,0.802225,0.845234,0.846774,1498.779
131.0848,76.22409,1.563006,0.850608,0.904748,0.954691,0.823425,0.860592,0.873284,1501.659
131.2372,77.12789,1.514437,0.870604,0.9133,0.970275,0.78509,0.821668,0.824787,1505.724
131.3896,73.03262,1.461956,0.844765,0.933608,0.96951,0.75103,0.782655,0.789459,1508.989
131.542,83.18721,1.435649,0.880936,0.918069,0.981521,0.752304,0.793336,0.80154,1510.6
131.6944,82.69845,1.444288,1.005073,0.955972,0.997575,0.808746,0.836681,0.853083,1509.202
131.8468,85.05025,1.492579,0.933826,0.982639,1.009825,0.904001,0.949656,0.981618,1503.375
131.9992,80.84356,1.528491,1.087888,1.009079,1.052982,0.956002,0.998267,1.012512,1491.704
132.1516,85.63056,1.545723,1.048479,1.033613,1.057227,0.945465,0.978067,0.989456,1477.674
132.304,80.40383,1.537969,1.026761,1.037566,1.043554,0.955437,0.98882,1.000891,1471.42
132.4564,82.2804,1.524798,1.008703,1.05558,1.060442,0.959372,0.993583,0.99373,1476.119
132.6088,84.00122,1.527369,1.050872,1.053521,1.081955,0.960944,0.992148,0.997145,1478.67
132.7612,87.60984,1.555364,1.118027,1.062909,1.078807,0.962611,0.996966,1.004716,1474.769
132.9136,85.22339,1.591814,1.029836,1.059888,1.096609,0.973349,0.997904,1.004531,1474.591
133.066,86.09203,1.625032,1.070072,1.06957,1.107862,0.99601,1.027578,1.031188,1477.063
133.2184,87.48412,1.632339,1.041245,1.068104,1.10581,1.00757,1.04735,1.056379,1477.101
133.3708,89.47812,1.632658,1.084692,1.063487,1.105009,0.983007,1.012217,1.018824,1475.429
133.5232,86.3637,1.630279,1.083044,1.073274,1.113618,0.975312,1.010665,1.015699,1476.012
133.6756,83.24093,1.631786,1.091149,1.099898,1.112786,1.002573,1.021896,1.031049,1482.328
133.828,87.91887,1.64319,1.113106,1.083793,1.118392,0.982362,1.010841,1.016967,1490.302
133.9804,81.24295,1.645074,1.113335,1.106673,1.134136,0.997418,1.018326,1.026926,1493.912
134.1328,82.53378,1.656207,1.098431,1.107057,1.144303,0.998105,1.020077,1.022535,1491.083
134.2852,89.32904,1.674524,1.158687,1.103007,1.134966,1.010751,1.028496,1.031446,1482.434
134.4376,85.7626,1.704918,1.132773,1.118757,1.13202,1.031483,1.054023,1.059603,1473.135
134.59,86.63557,1.718773,1.097563,1.124062,1.140679,1.024739,1.054969,1.06378,1469.076
134.7424,82.6136,1.717064,1.118475,1.121757,1.140268,1.032557,1.051382,1.058074,1469.353
134.8948,84.02039,1.711228,1.183272,1.130325,1.137432,1.023849,1.049883,1.059013,1473.167
135.0472,82.00036,1.714875,1.141741,1.12606,1.159054,1.038968,1.056761,1.056418,1480.882
135.1996,84.99842,1.729951,1.145554,1.121973,1.137725,1.075679,1.095749,1.102543,1485.644
135.352,85.21432,1.75044,1.09,1.11564,1.124571,1.04792,1.079469,1.096542,1480.678
135.5044,82.38458,1.754915,1.08293,1.109643,1.154179,1.011115,1.042507,1.054798,1469.232
135.6568,82.5864,1.754639,1.072171,1.104478,1.120922,1.011066,1.031344,1.041544,1462.543
135.8092,82.336,1.749477,1.053384,1.106412,1.114861,1.002491,1.024186,1.032083,1465.506
135.9616,84.73365,1.74202,1.058545,1.103407,1.125805,1.011365,1.037483,1.053531,1476.528
136.114,87.52378,1.730945,1.045558,1.093409,1.10827,1.013505,1.055602,1.080508,1490.392
136.2664,83.99907,1.710111,1.076457,1.091208,1.097497,1.025645,1.079551,1.090983,1495.735
136.4188,89.7878,1.697574,1.090551,1.101266,1.097681,1.039117,1.083108,1.088725,1493.417
136.5712,81.68114,1.690627,1.079172,1.086769,1.106757,1.003986,1.03917,1.045829,1491.07
136.7236,81.75227,1.697868,1.026849,1.067256,1.130154,1.025096,1.045507,1.053424,1490.32
136.876,86.59875,1.714511,1.031536,1.097835,1.100602,1.030564,1.080275,1.092819,1491.424
137.0284,88.43323,1.739016,1.011006,1.047987,1.089064,1.059963,1.080331,1.092244,1493.719
137.1808,82.73914,1.766132,1.012345,1.033064,1.066319,1.056528,1.078967,1.097339,1496.002
137.3332,84.10143,1.789991,0.945371,1.047432,1.082861,1.049004,1.082271,1.101772,1497.391
137.4856,81.91605,1.788481,0.930697,1.020596,1.065301,1.012109,1.023528,1.030962,1497.423
137.638,85.55346,1.750479,0.920144,1.025471,1.068935,0.977076,1.000445,1.010955,1495.493
137.7904,85.62274,1.722873,0.988171,1.028952,1.064129,0.962655,0.988521,1.006983,1492.944
137.9428,80.43107,1.697247,0.977976,1.018754,1.056328,0.964783,0.988859,1.003979,1490.819
138.0952,82.81008,1.699741,1.051977,1.014646,1.060374,0.932,0.957563,0.968314,1486.926
138.2476,85.62749,1.69168,1.058037,1.001813,1.052609,0.898151,0.906806,0.903021,1481.554
138.4,87.98416,1.699079,1.061822,1.024156,1.02441,0.958867,0.965341,0.963691,1479.587
138.5524,82.55395,1.715551,1.038968,1.044712,1.033587,0.999304,1.00697,0.999011,1484.07
138.7048,88.16752,1.742899,1.023016,1.025585,1.052023,0.994961,0.99956,0.989346,1491.811
138.8572,85.77668,1.77092,0.969107,1.017282,1.033804,1.034963,1.048693,1.045399,1497.553
139.0096,85.50089,1.781245,0.959662,0.997882,1.026294,1.00813,1.021652,1.015749,1499.22
139.162,91.61292,1.792473,0.980814,0.987748,1.022023,0.977101,0.990886,0.984066,1495.359
139.3144,86.6387,1.769339,0.977765,0.984859,1.020633,0.930672,0.939132,0.934226,1487.454
139.4668,86.86868,1.750521,0.995552,0.986635,1.041044,0.929171,0.937877,0.935192,1482.137
139.6192,82.4103,1.730942,0.994662,0.976955,1.005929,0.921952,0.925021,0.917916,1482.599
139.7716,83.52579,1.723996,1.00506,0.984987,0.997883,0.925958,0.935337,0.928323,1486.423
139.924,86.36352,1.711664,0.997037,0.984399,1.000531,0.938845,0.964348,0.96886,1490.598
140.0764,90.4763,1.683383,0.999443,0.984216,1.011784,0.929428,0.939906,0.931504,1491.844
140.2288,90.64793,1.664004,1.011905,0.991436,1.020387,0.95616,0.981643,0.987628,1488.484
140.3812,85.90224,1.651388,1.005173,0.991044,1.041017,0.943252,0.971849,0.97553,1484.177
140.5336,83.20231,1.633399,0.996412,0.993131,1.032439,0.95089,0.979809,0.976209,1482.528
140.686,83.69532,1.633842,1.006814,1.002101,1.03753,0.956736,0.983083,0.987729,1482.801
140.8384,84.69346,1.637623,0.994236,1.010796,1.047146,0.96254,0.997353,1.005401,1484.092
140.9908,84.6018,1.625956,1.002399,1.001166,1.051642,0.946011,0.985174,0.993557,1485.275
141.1432,94.24687,1.593494,0.990115,1.008328,1.073903,0.92352,0.954457,0.95457,1485.194
141.2956,88.03049,1.572171,1.031427,1.009372,1.045288,0.92989,0.958181,0.95758,1484.54
141.448,82.0752,1.581649,1.049572,0.996388,1.049817,0.940304,0.962507,0.96887,1481.795
141.6004,82.54829,1.605558,1.066254,1.001519,1.041051,0.938118,0.960434,0.962058,1475.216
141.7528,84.30852,1.625743,1.100324,0.999914,1.039766,0.94906,0.970332,0.975787,1467.167
141.9052,83.21768,1.636259,1.078485,0.992994,1.049848,0.972574,0.982126,0.986786,1462.008
142.0576,79.08183,1.665393,1.04617,0.994168,1.038981,0.967248,0.987151,0.998275,1462.663
142.21,85.11721,1.701084,1.034031,1.007301,1.048284,0.959036,0.989442,0.994945,1468.56
142.3624,80.97796,1.743597,1.040974,1.011431,1.060713,0.958239,0.988796,0.996208,1475.922
142.5148,76.674,1.756397,1.090521,1.012975,1.06379,0.926311,0.958131,0.96224,1481.15
142.6672,75.20394,1.71801,1.089975,1.013242,1.056904,0.924548,0.947005,0.946543,1484.263
142.8196,75.77586,1.680917,1.086187,1.013891,1.070353,0.938743,0.96488,0.964179,1485.312
142.972,76.28009,1.656468,1.086637,1.027902,1.075938,0.994503,1.013397,1.015101,1481.6
143.1244,80.2425,1.659594,1.035364,1.029189,1.057845,0.994351,1.01144,1.016351,1475.392
143.2768,76.90595,1.667371,1.043928,1.010127,1.075651,0.980283,1.003959,1.018488,1472.351
143.4292,78.94691,1.663536,1.054861,1.026922,1.058693,0.964201,0.996483,1.005111,1473.676
143.5816,82.32792,1.665304,1.048745,1.014805,1.025533,0.927779,0.953501,0.955518,1477.107
143.734,85.69282,1.685224,1.064848,0.997744,1.030369,0.940926,0.97459,0.985555,1478.092
143.8864,90.98013,1.709411,1.034057,1.003395,1.013871,0.96434,1.000286,0.997018,1475.992
144.0388,84.16628,1.745151,0.996511,0.991567,1.037844,0.955489,0.987788,0.989847,1475.443
144.1912,87.80073,1.735278,0.992046,0.996898,1.030531,0.94108,0.973243,0.984245,1476.573
144.3436,85.96402,1.697454,1.020323,0.995872,1.045695,0.92714,0.956456,0.949617,1476.103
144.496,91.11052,1.635688,1.048187,0.995619,1.020089,0.962573,0.979224,0.97443,1474.973
144.6484,85.87237,1.608124,1.025865,0.990054,1.022296,0.956835,0.970975,0.979596,1476.175
144.8008,86.98869,1.600589,1.024526,0.99711,1.027389,0.920576,0.935123,0.945028,1479.289
144.9532,84.82876,1.598303,0.930812,1.001644,1.023557,0.91029,0.928971,0.935563,1482.345
145.1056,84.83439,1.579622,0.970842,0.990408,1.02734,0.953135,0.965419,0.969025,1485.326
145.258,81.78329,1.56426,1.039135,0.98871,1.044687,0.956423,0.975162,0.984345,1487.954
145.4104,79.87253,1.565991,1.026914,0.996369,1.054162,0.944355,0.971334,0.978513,1489.468
145.5628,82.81701,1.608438,1.022225,1.003205,1.032776,0.937128,0.960271,0.965809,1490.223
145.7152,78.71091,1.656017,1.015419,1.011415,1.050875,0.938146,0.955283,0.953106,1489.522
145.8676,82.0276,1.690249,1.026729,1.023297,1.037371,0.980113,0.994027,0.998135,1488.442
146.02,78.07428,1.692984,1.044419,1.047173,1.058682,0.977556,0.997128,1.012556,1489.406
146.1724,75.65475,1.711937,1.078002,1.044015,1.062458,0.998085,1.012579,1.025609,1492.489
146.3248,74.49063,1.728576,1.053572,1.040903,1.059173,1.003604,1.021769,1.026262,1496.05
146.4772,72.37779,1.746693,1.043802,1.043361,1.060186,1.014117,1.02356,1.03019,1497.847
146.6296,79.45977,1.765599,1.073122,1.047452,1.066403,1.021126,1.02847,1.029521,1496.943
146.782,76.63978,1.786638,1.071576,1.040355,1.081124,1.0124,1.024753,1.027275,1494.68
146.9344,81.9986,1.798323,1.058062,1.046411,1.099808,0.99518,1.013903,1.021778,1494.41
147.0868,77.14548,1.796551,1.086692,1.044771,1.095149,0.984711,1.007999,1.012965,1498.666
147.2392,82.06792,1.793711,1.090249,1.038415,1.08412,0.982707,1.000666,0.99826,1505.201
147.3916,81.53439,1.795446,1.124394,1.041443,1.085267,0.965595,0.98069,0.978815,1510.195
147.544,78.30061,1.787291,1.102475,1.050871,1.081557,0.97722,0.989543,0.992252,1513.603
147.6964,78.99974,1.763561,1.095689,1.036307,1.069887,0.98016,0.992875,0.99398,1517.589
147.8488,78.41622,1.7423,1.103438,1.035592,1.086305,0.991385,1.004276,1.005879,1522.215
148.0012,78.20828,1.747193,1.114827,1.035382,1.074335,0.983522,0.999545,1.007983,1522.676
148.1536,75.89619,1.760836,1.066499,1.022447,1.065902,0.980776,0.998766,0.998733,1513.237
148.306,77.56214,1.775571,1.073031,1.013926,1.066288,0.966949,0.987249,0.990759,1498.365
148.4584,76.77911,1.752792,1.05912,1.014793,1.067886,0.96778,0.985357,0.984891,1489.69
148.6108,77.67731,1.731964,1.123423,1.025819,1.071972,0.938547,0.950991,0.955281,1489.245
148.7632,73.16363,1.725677,1.093047,1.016441,1.080475,0.957562,0.971804,0.970199,1490.666
148.9156,78.68174,1.738647,1.071881,1.031138,1.078426,0.980574,0.995814,0.993042,1490.742
149.068,77.92306,1.748727,1.087107,1.021606,1.072119,0.979054,0.996888,0.995969,1488.315
149.2204,77.35233,1.739973,1.052347,1.025852,1.069361,0.989758,0.994225,0.996565,1483.527
149.3728,75.66301,1.734987,1.059963,1.045825,1.051267,0.988446,1.004972,1.009533,1480.727
149.5252,82.7211,1.736756,1.06131,1.032017,1.077243,0.986785,1.001994,1.012866,1484.726
149.6776,83.95382,1.738324,1.105638,1.040283,1.073041,1.006123,1.015042,1.019089,1495.009
149.83,82.74876,1.746481,1.105008,1.041238,1.085999,0.995125,1.000769,0.990708,1504.616
149.9824,83.71275,1.765201,1.093054,1.042339,1.07633,0.990427,0.996003,0.99229,1508.58
150.1348,72.60952,1.78986,1.116515,1.04245,1.059893,0.983451,0.992253,0.996005,1506.601
150.2872,75.40847,1.804916,1.118027,1.036758,1.071355,0.980537,0.991129,0.98719,1501.724
150.4396,81.44025,1.801722,1.083328,1.026631,1.06573,0.974116,0.981882,0.976385,1498.005
150.592,75.74065,1.790481,1.068511,1.022954,1.062879,0.971134,0.983579,0.979455,1494.523
150.7444,64.5358,1.773414,1.070248,1.025018,1.060692,0.966517,0.973464,0.983134,1490.623
150.8968,73.26597,1.753316,1.105366,1.007435,1.073608,0.937955,0.972425,1.013502,1488.519
151.0492,76.00604,1.736822,1.173849,1.002842,1.054044,0.897564,1.033454,1.062301,1487.482
151.2016,87.20824,1.736781,1.089397,1.011364,1.069682,0.909154,1.027507,1.063924,1487.32
151.354,88.06687,1.715096,0.876374,1.016967,1.060826,0.843356,0.942098,0.981035,1488.777
151.5064,87.76399,1.620238,0.870955,1.078705,1.124991,0.595295,0.629534,0.647579,1489.796
151.6588,91.79415,1.566767,1.155888,1.074658,1.131562,0.603523,0.639156,0.664547,1490.989
151.8112,86.00976,1.582261,1.204753,1.074148,1.105313,0.677596,0.701216,0.713642,1493.822
151.9636,81.02101,1.690651,1.197045,1.075405,1.085474,1.012782,1.031376,1.044431,1498.726
152.116,86.06787,1.766085,1.054057,1.075855,1.088302,0.983511,1.006867,1.030699,1505.782
152.2684,82.12356,1.786623,1.14145,1.06638,1.101436,0.979922,1.008097,1.024983,1512.225
152.4208,84.63872,1.789219,1.149219,1.05998,1.096371,1.027422,1.039284,1.043395,1516.915
152.5732,80.70298,1.789042,1.156405,1.05387,1.083338,1.024181,1.036477,1.034219,1520.475
152.7256,76.93439,1.798001,1.111316,1.062914,1.096261,0.974091,0.983998,0.987521,1522.548
152.878,75.17915,1.798222,1.088414,1.063812,1.096476,0.978615,0.983982,0.987321,1523.46
153.0304,80.44319,1.802582,1.110289,1.053647,1.08837,0.987605,0.993922,0.992402,1523.91
153.1828,78.85683,1.806323,1.12713,1.060815,1.103028,1.006551,1.01593,1.018894,1523.379
153.3352,83.41325,1.811656,1.142902,1.050912,1.090658,1.018114,1.027542,1.036122,1521.11
153.4876,85.37383,1.817356,1.143076,1.050519,1.070104,1.024673,1.031508,1.034239,1518.714
153.64,79.26356,1.818263,1.134232,1.047666,1.113345,1.022763,1.032187,1.037052,1518.588
153.7924,80.60667,1.816317,1.152211,1.045349,1.104312,1.022159,1.031406,1.037172,1522.427
153.9448,85.36941,1.807438,1.146497,1.049269,1.07763,1.004294,1.016422,1.025665,1529.214
154.0972,86.26082,1.806857,1.076846,1.05333,1.09272,0.976192,0.988396,0.999372,1533.779
154.2496,85.69424,1.805686,1.093522,1.055736,1.102325,0.994621,1.002856,1.009962,1532.81
154.402,83.47353,1.783265,1.149301,1.060493,1.097189,1.003725,1.011115,1.011728,1528.629
154.5544,83.42542,1.779956,1.141897,1.059511,1.088256,1.003652,1.012381,1.012164,1525.012
154.7068,77.58442,1.790207,1.098011,1.060385,1.089405,1.015411,1.02809,1.02866,1522.153
154.8592,81.34733,1.837991,1.119765,1.055561,1.100066,1.029816,1.036472,1.042498,1520.487
155.0116,79.44406,1.862414,1.134002,1.061273,1.107515,1.010536,1.024725,1.031273,1521.722
155.164,80.78045,1.867817,1.12491,1.064214,1.115654,1.01912,1.031167,1.036588,1523.876
155.3164,80.41125,1.832733,1.092512,1.064431,1.111653,1.027452,1.035256,1.036833,1524.364
155.4688,83.51579,1.795694,1.112872,1.075119,1.12453,1.0268,1.034156,1.038167,1523.088
155.6212,79.64414,1.791372,1.187758,1.072677,1.159509,1.033164,1.044929,1.04534,1522.374
155.7736,79.1857,1.825036,1.15926,1.078873,1.14856,1.043798,1.057697,1.058069,1524.854
155.926,82.66243,1.843585,1.161438,1.104496,1.13925,1.042071,1.057242,1.060095,1529.775
156.0784,85.91461,1.840766,1.169812,1.121135,1.152913,1.044795,1.056347,1.062061,1533.888
156.2308,79.94275,1.823501,1.173362,1.124607,1.152882,1.059801,1.069393,1.069217,1534.825
156.3832,83.75414,1.816284,1.154384,1.110128,1.136501,1.062946,1.078574,1.074998,1530.889
156.5356,75.68833,1.812027,1.175497,1.128009,1.165208,1.059828,1.06916,1.072306,1519.608
156.688,74.14738,1.829023,1.197441,1.125738,1.151925,1.086417,1.106611,1.103302,1502.928
156.8404,80.02231,1.854124,1.184812,1.125505,1.155305,1.10616,1.124308,1.125926,1489.009
156.9928,73.9064,1.86607,1.20167,1.106714,1.13862,1.055785,1.089612,1.101725,1484.697
157.1452,79.61107,1.857524,1.193971,1.090782,1.135977,1.01576,1.038668,1.055614,1490.943
157.2976,85.29459,1.797887,1.231886,1.057716,1.104355,1.000368,1.026154,1.03959,1502.249
157.45,88.64185,1.767064,1.091743,1.059074,1.098106,0.994277,1.022924,1.028517,1510.051
157.6024,84.71973,1.749764,1.159023,1.036237,1.088371,0.942566,0.98597,0.992701,1508.776
157.7548,82.2918,1.780362,1.099889,1.029245,1.075475,0.927961,0.971332,0.979789,1500.616
157.9072,82.58427,1.754301,1.148551,1.029357,1.060379,0.893481,0.93557,0.957476,1492.403
158.0596,84.11163,1.670414,1.081155,1.023788,1.064801,0.923977,0.939822,0.951808,1487.247
158.212,78.35964,1.638163,1.058771,1.010769,1.045804,1.001506,1.019645,1.022209,1483.519
158.3644,82.44586,1.654222,1.051507,1.013795,1.052034,0.987778,1.005492,1.006416,1478.401
158.5168,84.04401,1.733155,0.975272,1.036342,1.064406,0.957415,0.975247,0.976461,1472.9
158.6692,81.55363,1.761163,1.016554,1.040214,1.05244,0.996494,1.012725,1.017299,1470.758
158.8216,82.52003,1.749581,1.123973,1.03579,1.075289,0.998214,1.014033,1.022905,1472.155
158.974,78.49146,1.735007,1.080105,1.040655,1.058427,0.992802,1.012024,1.008459,1476.814
159.1264,81.94592,1.719009,1.041475,1.056078,1.063617,0.992468,1.00183,0.99582,1485.957
159.2788,79.99764,1.731278,1.067275,1.052292,1.073287,0.985393,1.000728,1.00079,1495.983
159.4312,78.91302,1.742695,1.077151,1.054069,1.076544,0.99622,1.003823,1.002358,1500.29
159.5836,81.02946,1.767894,1.070506,1.03071,1.08396,1.027934,1.035833,1.041026,1498.105
159.736,68.02044,1.793625,1.063288,1.045855,1.080012,0.988349,0.996135,0.989607,1495.946
159.8884,86.96403,1.808241,1.140919,1.040023,1.061011,0.971442,0.989932,0.998473,1500.005
160.0408,88.25421,1.809363,1.143676,1.020792,1.042297,0.966036,0.970387,0.971277,1505.882
160.1932,78.49323,1.80586,1.074011,1.015062,1.022943,0.965284,0.969788,0.970367,1505.685
160.3456,85.55928,1.809464,1.09278,1.014446,1.040266,0.965316,0.97012,0.971742,1503.771
160.498,79.95654,1.806583,1.069219,1.010801,1.035833,0.965329,0.972598,0.971085,1507.764
160.6504,83.10929,1.79219,1.055124,0.999515,1.031131,0.966898,0.975697,0.981998,1517.2
160.8028,84.6508,1.791362,1.04063,1.005347,1.048967,0.961717,0.966991,0.970943,1524.926
160.9552,82.46335,1.793243,1.05553,0.999342,1.034924,0.958909,0.964465,0.964821,1521.546
161.1076,78.07058,1.79935,1.053239,0.982904,1.038779,0.954474,0.959945,0.959782,1510.667
161.26,79.68975,1.791033,1.045318,0.998719,1.039469,0.952204,0.95867,0.964245,1507.234
161.4124,77.71383,1.775258,1.048071,0.994782,1.024434,0.944805,0.948098,0.952314,1516.36
161.5648,76.33292,1.760716,1.041761,0.997515,1.023219,0.938697,0.945017,0.946529,1527.955
161.7172,81.02191,1.738411,1.032842,0.993223,1.029344,0.938274,0.943568,0.938737,1528.271
161.8696,79.81277,1.741061,1.062202,0.981398,1.039527,0.943445,0.947315,0.94334,1515.213
162.022,79.81152,1.763188,1.069341,0.986157,1.034291,0.94046,0.947201,0.943553,1501.8
162.1744,83.27985,1.783315,1.038126,0.991837,1.024363,0.946584,0.95289,0.95793,1497.592
162.3268,74.59853,1.783891,1.04852,0.986705,1.020027,0.94327,0.947317,0.951413,1500.3
162.4792,85.97012,1.770105,1.050574,0.992578,1.033546,0.939509,0.94947,0.950333,1509.415
162.6316,82.03944,1.772542,1.053096,0.995613,1.040222,0.937867,0.948455,0.950534,1524.978
162.784,78.30623,1.784641,1.065918,1.013452,1.055497,0.940109,0.944962,0.944439,1543.399
162.9364,77.04565,1.790144,1.147304,1.020002,1.055448,0.956482,0.957557,0.954234,1558.694
163.0888,75.37737,1.787312,1.187621,1.032722,1.06587,0.983807,0.983664,0.989387,1560.659
163.2412,81.82928,1.789923,1.134081,1.038318,1.071278,1.015869,1.017604,1.017474,1547.939
163.3936,80.19733,1.81752,1.109446,1.042781,1.092408,1.045242,1.051132,1.05405,1531.595
163.546,82.79101,1.828001,1.078884,1.052359,1.097896,1.034221,1.043508,1.04415,1518.525
163.6984,76.33369,1.827283,1.117266,1.059703,1.092579,1.021639,1.022491,1.020381,1507.755
163.8508,78.99508,1.802992,1.111151,1.064139,1.083866,1.020182,1.025217,1.02039,1495.979
164.0032,81.5746,1.79601,1.150405,1.066584,1.101656,1.015465,1.021371,1.02474,1483.027
164.1556,80.65609,1.795586,1.131457,1.062585,1.104306,1.011979,1.019699,1.022238,1473.989
164.308,80.09879,1.808901,1.082191,1.074153,1.11755,1.007443,1.017739,1.020764,1474.674
164.4604,81.96876,1.796463,1.102811,1.064842,1.113782,0.993614,1.002814,1.004412,1485.73
164.6128,76.45786,1.789298,1.076121,1.061696,1.113123,0.992228,0.999449,1.000791,1501.076
164.7652,73.64285,1.778528,1.065935,1.055914,1.112813,0.987995,1.000972,1.007315,1511.38
164.9176,78.59619,1.799917,1.089424,1.047583,1.094615,0.988308,0.997923,1.003138,1508.597
165.07,76.75659,1.80959,1.073233,1.045721,1.085582,0.985727,0.993489,0.99988,1494.649
165.2224,82.26144,1.799705,1.076994,1.04645,1.091854,0.972838,0.983382,0.991474,1480.704
165.3748,79.36362,1.789265,1.083863,1.054399,1.080893,0.972462,0.98272,0.993626,1478.365
165.5272,82.23506,1.781291,1.103764,1.046534,1.086652,0.976034,0.987189,0.99354,1489.072
165.6796,82.39371,1.79471,1.089552,1.052735,1.092112,0.982881,0.996118,1.002811,1501.858
165.832,81.05469,1.794353,1.090719,1.059284,1.087979,1.003363,1.012512,1.017187,1505.653
165.9844,83.85661,1.802619,1.082076,1.0481,1.100549,1.009299,1.016798,1.024795,1498.914
166.1368,83.93423,1.805364,1.086721,1.05478,1.089404,0.999755,1.009485,1.016885,1488.203
166.2892,73.0995,1.828728,1.071856,1.058333,1.080212,1.004775,1.015861,1.019957,1481.36
166.4416,76.84746,1.837628,1.117321,1.066755,1.080135,1.012184,1.022856,1.026526,1482.906
166.594,79.38895,1.835494,1.117822,1.068141,1.081681,0.976305,0.990836,0.991476,1489.839
166.7464,79.27436,1.80459,1.070183,1.065147,1.116082,1.003516,1.016442,1.02045,1499.254
166.8988,78.89153,1.793054,1.076425,1.062457,1.109228,1.003973,1.012968,1.008476,1511.484
167.0512,76.74233,1.79857,1.06964,1.064272,1.089504,0.998041,1.011171,1.011389,1521.231
167.2036,79.17766,1.793741,1.072269,1.055811,1.090178,0.986598,0.994821,0.996556,1519.481
167.356,80.22349,1.777347,1.082372,1.047446,1.09868,0.990617,0.993628,0.993195,1503.074
167.5084,83.72217,1.754831,1.110837,1.038102,1.09382,0.989247,0.994875,0.994173,1482.031
167.6608,80.33197,1.759998,1.094933,1.058073,1.070977,0.984987,0.993388,0.995505,1470.076
167.8132,78.03855,1.773737,1.091819,1.039805,1.073609,0.989749,0.997469,1.002637,1473.917
167.9656,82.22842,1.785839,1.084334,1.040715,1.090389,0.988908,1.001598,1.005772,1493.714
168.118,81.43466,1.798543,1.040141,1.038487,1.093828,0.987091,0.996506,0.996067,1517.987
168.2704,75.4071,1.803656,1.099197,1.042379,1.098951,0.977289,0.986581,0.9851,1529.812
168.4228,80.21078,1.799625,1.053419,1.043846,1.09564,0.983808,0.991719,0.994391,1523.953
168.5752,79.13445,1.794228,1.039209,1.049526,1.085308,0.98287,0.994784,0.996228,1506.726
168.7276,85.14887,1.777519,1.066038,1.062599,1.08236,1.001024,1.007293,1.0044,1490.291
168.88,83.46259,1.774288,1.071781,1.064532,1.113422,1.004744,1.008275,1.008131,1483.885
169.0324,77.09802,1.773815,1.103724,1.064812,1.10506,1.023874,1.020878,1.020823,1486.076
169.1848,77.48507,1.797717,1.11817,1.070363,1.120462,1.037533,1.035371,1.027413,1493.184
169.3372,77.88223,1.795847,1.138647,1.073799,1.123345,1.04731,1.053369,1.052748,1500.417
169.4896,80.91384,1.811255,1.11868,1.085491,1.128927,1.046044,1.052865,1.05512,1500.276
169.642,83.32363,1.817369,1.114467,1.088003,1.105915,1.040856,1.049607,1.047655,1494.506
169.7944,79.62108,1.837073,1.163488,1.090794,1.111133,1.033018,1.041782,1.045439,1488.059
169.9468,77.58353,1.83456,1.158599,1.085609,1.103132,1.037347,1.043044,1.048566,1482.988
170.0992,78.61067,1.830349,1.142912,1.07892,1.103217,1.03406,1.042911,1.049314,1481.913
170.2516,75.97648,1.82462,1.098784,1.081496,1.095779,1.024636,1.034127,1.046256,1485.224
170.404,76.57961,1.82214,1.083713,1.069037,1.102345,1.015936,1.030053,1.038976,1492.135
170.5564,73.47674,1.807698,1.079673,1.065432,1.101666,1.013788,1.028934,1.035019,1504.109
170.7088,79.84855,1.798354,1.066856,1.066817,1.102373,1.001353,1.017415,1.022832,1521.223
170.8612,83.3604,1.791329,1.088889,1.058883,1.077833,0.997878,1.005384,1.00594,1534.837
171.0136,80.34916,1.7925,1.104459,1.050959,1.078683,0.998394,1.005039,1.010849,1532.655
171.166,77.56505,1.797838,1.106247,1.039069,1.076631,0.999892,1.010118,1.013318,1513.814
171.3184,78.02871,1.79215,1.095131,1.033568,1.047509,0.98895,1.003188,1.004064,1491.047
171.4708,78.56815,1.793685,1.039392,1.022521,1.082855,0.983903,0.996755,0.997179,1478.19
171.6232,82.52991,1.802624,1.054458,1.01133,1.061094,0.979753,0.984433,0.983671,1481.705
171.7756,78.46996,1.813901,1.070793,1.014174,1.06305,0.976767,0.981626,0.987583,1499.154
171.928,75.05993,1.812286,1.057836,1.022317,1.046113,0.976989,0.983612,0.982889,1517.516
172.0804,75.99771,1.773169,1.021872,1.020983,1.059602,0.979005,0.986438,0.988638,1520.138
172.2328,77.96361,1.759275,1.069739,1.023598,1.073665,0.986867,0.991214,0.996014,1510.17
172.3852,77.30805,1.75201,1.054684,1.029349,1.070097,0.983384,0.98881,0.995303,1503.876
172.5376,71.64101,1.784533,1.093657,1.04817,1.091211,0.980564,0.99406,1.004121,1503.637
172.69,76.09999,1.784114,1.076162,1.052006,1.092725,0.976926,0.988315,0.994669,1500.81
172.8424,77.84198,1.793168,1.06766,1.073852,1.103455,0.993417,1.002403,1.002589,1493.19
172.9948,76.5116,1.792871,1.104201,1.081221,1.100545,1.014766,1.026634,1.026481,1491.015
173.1472,73.25172,1.811939,1.092194,1.080755,1.108017,1.025861,1.042182,1.048188,1503.185
173.2996,76.93581,1.817809,1.074032,1.096723,1.129782,1.02239,1.034762,1.043044,1523.852
173.452,77.19,1.810875,1.098002,1.115364,1.115565,1.022486,1.034278,1.041027,1539.36
173.6044,83.30965,1.779213,1.103039,1.106519,1.133828,1.03072,1.043642,1.052734,1544.048
173.7568,79.37264,1.782869,1.096621,1.10421,1.120219,1.043648,1.055496,1.057626,1544.741
173.9092,79.49715,1.794693,1.098057,1.114429,1.115987,1.043498,1.057415,1.059921,1548.476
174.0616,71.29091,1.839934,1.094001,1.124342,1.140363,1.048986,1.061301,1.061032,1549.141
174.214,72.39368,1.852278,1.12292,1.125766,1.140805,1.066147,1.077695,1.078226,1542.187
174.3664,78.11444,1.864786,1.124654,1.134881,1.165378,1.071711,1.081591,1.077985,1531.995
174.5188,78.18272,1.847567,1.115147,1.137792,1.160164,1.090679,1.098647,1.105679,1519.431
174.6712,78.25388,1.835771,1.131796,1.146681,1.16571,1.072751,1.086597,1.096848,1511.011
174.8236,77.7202,1.827437,1.103293,1.151259,1.183328,1.077511,1.084927,1.094035,1514.236
174.976,76.58347,1.8455,1.113795,1.159059,1.172804,1.080913,1.092233,1.106358,1524.57
175.1284,76.53236,1.863882,1.058288,1.163679,1.192401,1.065839,1.084805,1.108411,1528.377
175.2808,77.00019,1.881263,1.076699,1.172352,1.166066,1.055591,1.101959,1.122877,1513.787
175.4332,80.20528,1.878818,1.192651,1.164881,1.160932,1.060531,1.151096,1.175304,1491.354
175.5856,78.68203,1.86677,1.113635,1.170087,1.186358,0.988883,1.053501,1.06986,1479.594
175.738,82.5703,1.804202,1.14808,1.182679,1.213717,0.910957,0.915978,0.910469,1477.496
175.8904,83.93205,1.735482,1.218173,1.153295,1.181838,1.076886,1.07145,1.083661,1476.334
176.0428,81.10627,1.720502,1.190999,1.1623,1.17512,1.003525,1.010176,1.033765,1476.464
176.1952,85.03899,1.747205,1.185038,1.122654,1.135503,1.083182,1.11173,1.12509,1481.133
176.3476,81.4541,1.812162,0.971254,1.115834,1.121885,1.063616,1.09552,1.115482,1487.466
176.5,83.87379,1.842961,0.874133,1.104274,1.111094,1.028944,1.049258,1.056118,1493.808
176.6524,84.23745,1.850973,1.10137,1.094558,1.131058,0.976841,0.99113,0.994107,1501.963
176.8048,85.22437,1.815892,1.183586,1.08439,1.113592,0.966771,0.978696,0.979577,1510.272
176.9572,81.97851,1.785253,1.172477,1.074724,1.097377,1.003643,1.010194,1.009607,1518.038
177.1096,83.24587,1.767838,1.155873,1.085016,1.098905,1.005254,1.01322,1.021855,1526.436
177.262,78.33817,1.790846,1.097608,1.072767,1.091252,1.000973,1.009733,1.022878,1533.764
177.4144,81.97363,1.800766,1.01576,1.066433,1.100725,1.001724,1.012122,1.024076,1536.759
177.5668,77.34031,1.810644,1.0618,1.072101,1.111367,1.000782,1.008526,1.015884,1534.176
177.7192,78.36826,1.807721,1.106758,1.068464,1.106737,0.999564,1.008846,1.009025,1529.05
177.8716,74.98617,1.798294,1.103351,1.078124,1.090504,1.003412,1.013862,1.016177,1526.436
178.024,78.19386,1.801098,1.111947,1.086255,1.109511,1.02024,1.030517,1.037599,1526.955
178.1764,72.19455,1.804406,1.082369,1.090312,1.109599,1.020162,1.029953,1.036291,1527.524
178.3288,77.1158,1.819386,1.084038,1.086126,1.104374,1.024099,1.031174,1.032664,1528.241
178.4812,72.71178,1.832376,1.077386,1.090689,1.088636,1.038253,1.047524,1.063021,1529.639
178.6336,80.73385,1.852957,1.088741,1.086481,1.10621,1.04241,1.052304,1.068432,1529.334
178.786,73.85901,1.873707,1.082802,1.092314,1.104082,1.033349,1.04658,1.059329,1524.584
178.9384,77.16416,1.866743,1.113155,1.085422,1.113989,0.992181,1.007854,1.010943,1515.96
179.0908,76.86247,1.852986,1.083107,1.080009,1.10111,0.99184,1.001832,1.004073,1508.725
179.2432,71.90225,1.829087,1.132717,1.080705,1.091644,0.996047,1.005714,1.008675,1508.138
179.3956,75.20598,1.83011,1.132588,1.07943,1.08743,0.988114,0.996107,0.996907,1514.515
179.548,72.37986,1.821927,1.090206,1.070389,1.09074,0.992571,0.999235,1.003441,1522.626
179.7004,63.60096,1.817007,1.124054,1.056032,1.082075,1.003559,1.011255,1.015477,1527.696
179.8528,71.47372,1.804998,1.151222,1.054251,1.058696,1.003723,1.015171,1.01713,1525.601
180.0052,74.22472,1.80123,1.109525,1.059742,1.069625,1.000446,1.008392,1.018028,1515.896
180.1576,72.25849,1.801925,1.064752,1.038309,1.037791,0.973648,0.97887,0.979857,1506.279
180.31,72.809,1.808441,1.061959,1.03952,1.046425,0.970009,0.97402,0.975441,1502.989
180.4624,78.09945,1.81347,1.011687,1.028817,1.063765,0.971042,0.973903,0.974755,1507.096
180.6148,77.0881,1.830571,1.066765,1.023475,1.049605,0.96976,0.975189,0.97591,1515.32
180.7672,78.37189,1.826481,1.084186,1.023433,1.051222,0.97926,0.984992,0.994145,1521.781
180.9196,75.2335,1.823076,1.107806,1.025616,1.046184,0.97714,0.984984,0.99152,1525.498
181.072,77.56326,1.814203,1.056481,1.028948,1.051063,0.961828,0.971719,0.973522,1528.916
181.2244,76.3586,1.804573,1.063725,1.024882,1.047024,0.963388,0.970082,0.971855,1531.576
181.3768,72.61017,1.802877,1.097549,1.02425,1.044655,0.965611,0.973929,0.976039,1532.347
181.5292,77.71792,1.798772,1.071747,1.024255,1.061961,0.975879,0.99278,1.002828,1531.823
181.6816,78.52245,1.808542,1.067666,1.034445,1.054095,0.972206,0.977111,0.981403,1531.624
181.834,76.23315,1.808899,1.072403,1.023844,1.064545,0.969076,0.974626,0.982471,1533.034
181.9864,73.70351,1.798626,1.065199,1.034413,1.048172,0.968316,0.978418,0.981652,1535.094
182.1388,74.07858,1.796285,1.053633,1.029936,1.054165,0.969883,0.976415,0.973851,1535.369
182.2912,70.41734,1.799563,1.136142,1.035158,1.073212,0.962152,0.971052,0.977649,1533.51
182.4436,78.69415,1.809458,1.127311,1.034801,1.053954,0.963198,0.974228,0.981169,1530.544
182.596,82.16435,1.816308,1.139123,1.059622,1.072558,0.98163,0.988051,0.995288,1526.947
182.7484,83.68426,1.831595,1.138057,1.05919,1.077643,0.996351,1.005678,1.011132,1523.673
182.9008,78.00133,1.843713,1.130751,1.071569,1.069341,1.02021,1.028417,1.035914,1520.442
183.0532,80.86893,1.841822,1.137793,1.075583,1.080997,1.023423,1.032019,1.036587,1516.729
183.2056,73.65508,1.84042,1.129158,1.078755,1.087476,1.024125,1.032981,1.043206,1515.182
183.358,75.8328,1.860776,1.136231,1.074486,1.094545,1.025587,1.036679,1.046304,1519.062
183.5104,84.53182,1.887905,1.128127,1.085935,1.094256,1.025362,1.038759,1.038531,1526.465
183.6628,78.00839,1.876816,1.110534,1.090995,1.087123,1.024243,1.038259,1.045312,1530.516
183.8152,77.60901,1.84197,1.13825,1.08904,1.096596,1.017942,1.032184,1.034761,1528.374
